,t,crack_length,time_diff,crack_length_diff,crack_length_derivative
0,380.54554554554556,40.520336125599286,1.545545545545565,0.020336125599285992,0.013157894736843556
1,382.0910910910911,40.540672251198565,1.545545545545508,0.020336125599278887,0.013157894736839443
2,383.63663663663664,40.56100837679785,1.545545545545565,0.020336125599285992,0.013157894736843556
3,385.1821821821822,40.58134450239714,1.545545545545565,0.020336125599285992,0.013157894736843556
4,386.7277277277277,40.601680627996416,1.545545545545508,0.020336125599278887,0.013157894736839443
5,388.2732732732733,40.6220167535957,1.545545545545565,0.020336125599285992,0.013157894736843556
6,389.81881881881884,40.64235287919499,1.545545545545565,0.020336125599285992,0.013157894736843556
7,391.36436436436435,40.66268900479427,1.545545545545508,0.020336125599278887,0.013157894736839443
8,392.9099099099099,40.68302513039355,1.545545545545565,0.020336125599285992,0.013157894736843556
9,394.4554554554555,40.70336125599284,1.545545545545565,0.020336125599285992,0.013157894736843556
10,396.001001001001,40.72369738159212,1.545545545545508,0.020336125599278887,0.013157894736839443
11,397.54654654654655,40.7440335071914,1.545545545545565,0.020336125599285992,0.013157894736843556
12,399.0920920920921,40.76436963279068,1.545545545545565,0.020336125599278887,0.01315789473683896
13,400.6376376376376,40.78470575838997,1.545545545545508,0.020336125599285992,0.01315789473684404
14,402.1831831831832,40.805041883989254,1.545545545545565,0.020336125599285992,0.013157894736843556
15,403.72872872872875,40.82537800958853,1.545545545545565,0.020336125599278887,0.01315789473683896
16,405.27427427427426,40.84571413518782,1.545545545545508,0.020336125599285992,0.01315789473684404
17,406.8198198198198,40.866050260787105,1.545545545545565,0.020336125599285992,0.013157894736843556
18,408.3653653653654,40.886386386386384,1.545545545545565,0.020336125599278887,0.01315789473683896
19,409.9109109109109,40.90672251198567,1.545545545545508,0.020336125599285992,0.01315789473684404
20,411.45645645645646,40.927058637584956,1.545545545545565,0.020336125599285992,0.013157894736843556
21,413.002002002002,40.947394763184235,1.545545545545508,0.020336125599278887,0.013157894736839443
22,414.54754754754754,40.96773088878352,1.545545545545565,0.020336125599285992,0.013157894736843556
23,416.0930930930931,40.98806701438281,1.545545545545565,0.020336125599285992,0.013157894736843556
24,417.63863863863867,41.00912340912341,1.545545545545565,0.02105639474060439,0.013623923799134406
25,419.1841841841842,41.03120263120263,1.545545545545508,0.02207922207922053,0.01428571428571363
26,420.72972972972974,41.05328185328185,1.545545545545565,0.02207922207922053,0.014285714285713104
27,422.27527527527525,41.07536107536107,1.545545545545508,0.02207922207922053,0.01428571428571363
28,423.8208208208208,41.0974402974403,1.545545545545565,0.022079222079227634,0.014285714285717701
29,425.3663663663664,41.11951951951952,1.545545545545565,0.02207922207922053,0.014285714285713104
30,426.91191191191194,41.14159874159874,1.545545545545565,0.02207922207922053,0.014285714285713104
31,428.45745745745745,41.16367796367796,1.545545545545508,0.02207922207922053,0.01428571428571363
32,430.003003003003,41.18575718575718,1.545545545545565,0.02207922207922053,0.014285714285713104
33,431.5485485485485,41.20783640783641,1.545545545545508,0.022079222079227634,0.014285714285718227
34,433.0940940940941,41.22991562991563,1.545545545545565,0.02207922207922053,0.014285714285713104
35,434.63963963963965,41.25199485199485,1.545545545545565,0.02207922207922053,0.014285714285713104
36,436.18518518518516,41.27407407407407,1.545545545545508,0.02207922207922053,0.01428571428571363
37,437.7307307307307,41.2961532961533,1.545545545545565,0.022079222079227634,0.014285714285717701
38,439.2762762762763,41.31823251823252,1.545545545545565,0.02207922207922053,0.014285714285713104
39,440.8218218218218,41.34031174031174,1.545545545545508,0.02207922207922053,0.01428571428571363
40,442.36736736736736,41.36239096239096,1.545545545545565,0.02207922207922053,0.014285714285713104
41,443.91291291291293,41.38447018447018,1.545545545545565,0.02207922207922053,0.014285714285713104
42,445.4584584584585,41.40654940654941,1.545545545545565,0.022079222079227634,0.014285714285717701
43,447.004004004004,41.42862862862863,1.545545545545508,0.02207922207922053,0.01428571428571363
44,448.54954954954957,41.45070785070785,1.545545545545565,0.02207922207922053,0.014285714285713104
45,450.0950950950951,41.47278707278707,1.545545545545508,0.02207922207922053,0.01428571428571363
46,451.64064064064064,41.49486629486629,1.545545545545565,0.02207922207922053,0.014285714285713104
47,453.1861861861862,41.51853415915916,1.545545545545565,0.023667864292868046,0.015313598723170261
48,454.7317317317317,41.542683308308305,1.545545545545508,0.0241491491491459,0.015624999999998276
49,456.2772772772773,41.56683245745746,1.545545545545565,0.024149149149153004,0.0156250000000023
50,457.82282282282284,41.590981606606604,1.545545545545565,0.0241491491491459,0.015624999999997701
51,459.36836836836835,41.61513075575576,1.545545545545508,0.024149149149153004,0.015625000000002873
52,460.9139139139139,41.6392799049049,1.545545545545565,0.0241491491491459,0.015624999999997701
53,462.4594594594595,41.663429054054056,1.545545545545565,0.024149149149153004,0.0156250000000023
54,464.005005005005,41.6875782032032,1.545545545545508,0.0241491491491459,0.015624999999998276
55,465.55055055055055,41.711727352352355,1.545545545545565,0.024149149149153004,0.0156250000000023
56,467.0960960960961,41.7358765015015,1.545545545545565,0.0241491491491459,0.015624999999997701
57,468.6416416416416,41.76002565065065,1.545545545545508,0.0241491491491459,0.015624999999998276
58,470.1871871871872,41.7841747997998,1.545545545545565,0.024149149149153004,0.0156250000000023
59,471.73273273273276,41.80832394894895,1.545545545545565,0.024149149149153004,0.0156250000000023
60,473.27827827827826,41.8324730980981,1.545545545545508,0.0241491491491459,0.015624999999998276
61,474.82382382382383,41.856622247247245,1.545545545545565,0.0241491491491459,0.015624999999997701
62,476.36936936936934,41.8807713963964,1.545545545545508,0.024149149149153004,0.015625000000002873
63,477.9149149149149,41.904920545545544,1.545545545545565,0.0241491491491459,0.015624999999997701
64,479.46046046046047,41.9290696946947,1.545545545545565,0.024149149149153004,0.0156250000000023
65,481.00600600600603,41.95321884384384,1.545545545545565,0.0241491491491459,0.015624999999997701
66,482.55155155155154,41.977367992992995,1.545545545545508,0.024149149149153004,0.015625000000002873
67,484.0970970970971,42.00151714214214,1.545545545545565,0.0241491491491459,0.015624999999997701
68,485.6426426426426,42.02566629129129,1.545545545545508,0.0241491491491459,0.015624999999998276
69,487.1881881881882,42.04981544044044,1.545545545545565,0.024149149149153004,0.0156250000000023
70,488.73373373373374,42.07396458958959,1.545545545545565,0.024149149149153004,0.0156250000000023
71,490.2792792792793,42.09811373873874,1.545545545545565,0.0241491491491459,0.015624999999997701
72,491.8248248248248,42.122262887887885,1.545545545545508,0.0241491491491459,0.015624999999998276
73,493.3703703703704,42.14641203703704,1.545545545545565,0.024149149149153004,0.0156250000000023
74,494.9159159159159,42.170561186186184,1.545545545545508,0.0241491491491459,0.015624999999998276
75,496.46146146146145,42.19471033533534,1.545545545545565,0.024149149149153004,0.0156250000000023
76,498.007007007007,42.21885948448448,1.545545545545565,0.0241491491491459,0.015624999999997701
77,499.5525525525526,42.243008633633636,1.545545545545565,0.024149149149153004,0.0156250000000023
78,501.0980980980981,42.26715778278278,1.545545545545508,0.0241491491491459,0.015624999999998276
79,502.64364364364366,42.291306931931935,1.545545545545565,0.024149149149153004,0.0156250000000023
80,504.18918918918916,42.31545608108108,1.545545545545508,0.0241491491491459,0.015624999999998276
81,505.73473473473473,42.339605230230234,1.545545545545565,0.024149149149153004,0.0156250000000023
82,507.2802802802803,42.36375437937938,1.545545545545565,0.0241491491491459,0.015624999999997701
83,508.82582582582586,42.387903528528525,1.545545545545565,0.0241491491491459,0.015624999999997701
84,510.37137137137137,42.41205267767768,1.545545545545508,0.024149149149153004,0.015625000000002873
85,511.91691691691693,42.436201826826824,1.545545545545565,0.0241491491491459,0.015624999999997701
86,513.4624624624624,42.46035097597598,1.545545545545508,0.024149149149153004,0.015625000000002873
87,515.008008008008,42.48450012512512,1.545545545545565,0.0241491491491459,0.015624999999997701
88,516.5535535535536,42.50892828312183,1.545545545545565,0.024428157996709388,0.015805524506938066
89,518.0990990990991,42.53385643708224,1.545545545545565,0.024928153960409816,0.016129032258062885
90,519.6446446446446,42.55878459104265,1.5455455455454512,0.024928153960409816,0.01612903225806407
91,521.1901901901902,42.58371274500307,1.545545545545565,0.02492815396041692,0.016129032258067482
92,522.7357357357357,42.60864089896348,1.545545545545565,0.024928153960409816,0.016129032258062885
93,524.2812812812813,42.63356905292389,1.545545545545565,0.024928153960409816,0.016129032258062885
94,525.8268268268268,42.658497206884306,1.545545545545565,0.02492815396041692,0.016129032258067482
95,527.3723723723724,42.683425360844716,1.545545545545565,0.024928153960409816,0.016129032258062885
96,528.917917917918,42.708353514805125,1.545545545545565,0.024928153960409816,0.016129032258062885
97,530.4634634634634,42.73328166876554,1.5455455455454512,0.02492815396041692,0.01612903225806867
98,532.009009009009,42.75820982272595,1.545545545545565,0.024928153960409816,0.016129032258062885
99,533.5545545545546,42.78313797668636,1.545545545545565,0.024928153960409816,0.016129032258062885
100,535.1001001001001,42.80806613064678,1.545545545545565,0.02492815396041692,0.016129032258067482
101,536.6456456456457,42.83299428460719,1.545545545545565,0.024928153960409816,0.016129032258062885
102,538.1911911911911,42.8579224385676,1.5455455455454512,0.024928153960409816,0.01612903225806407
103,539.7367367367367,42.88285059252801,1.545545545545565,0.024928153960409816,0.016129032258062885
104,541.2822822822823,42.907778746488425,1.545545545545565,0.02492815396041692,0.016129032258067482
105,542.8278278278278,42.932706900448835,1.545545545545565,0.024928153960409816,0.016129032258062885
106,544.3733733733734,42.957635054409245,1.545545545545565,0.024928153960409816,0.016129032258062885
107,545.918918918919,42.98256320836966,1.545545545545565,0.02492815396041692,0.016129032258067482
108,547.4644644644645,43.00749136233007,1.545545545545565,0.024928153960409816,0.016129032258062885
109,549.01001001001,43.03241951629048,1.5455455455454512,0.024928153960409816,0.01612903225806407
110,550.5555555555555,43.0573476702509,1.545545545545565,0.02492815396041692,0.016129032258067482
111,552.1011011011011,43.08227582421131,1.545545545545565,0.024928153960409816,0.016129032258062885
112,553.6466466466467,43.10720397817172,1.545545545545565,0.024928153960409816,0.016129032258062885
113,555.1921921921922,43.132132132132135,1.545545545545565,0.02492815396041692,0.016129032258067482
114,556.7377377377377,43.157060286092545,1.5455455455454512,0.024928153960409816,0.01612903225806407
115,558.2832832832833,43.181988440052955,1.545545545545565,0.024928153960409816,0.016129032258062885
116,559.8288288288288,43.20691659401337,1.545545545545565,0.02492815396041692,0.016129032258067482
117,561.3743743743744,43.23184474797378,1.545545545545565,0.024928153960409816,0.016129032258062885
118,562.91991991992,43.25677290193419,1.545545545545565,0.024928153960409816,0.016129032258062885
119,564.4654654654655,43.28170105589461,1.545545545545565,0.02492815396041692,0.016129032258067482
120,566.0110110110111,43.30662920985502,1.545545545545565,0.024928153960409816,0.016129032258062885
121,567.5565565565565,43.33155736381543,1.5455455455454512,0.024928153960409816,0.01612903225806407
122,569.1021021021021,43.35648551777584,1.545545545545565,0.024928153960409816,0.016129032258062885
123,570.6476476476477,43.381413671736254,1.545545545545565,0.02492815396041692,0.016129032258067482
124,572.1931931931932,43.406341825696664,1.545545545545565,0.024928153960409816,0.016129032258062885
125,573.7387387387387,43.431269979657074,1.5455455455454512,0.024928153960409816,0.01612903225806407
126,575.2842842842842,43.45619813361749,1.545545545545565,0.02492815396041692,0.016129032258067482
127,576.8298298298298,43.4811262875779,1.545545545545565,0.024928153960409816,0.016129032258062885
128,578.3753753753754,43.50605444153831,1.545545545545565,0.024928153960409816,0.016129032258062885
129,579.9209209209209,43.53098259549873,1.545545545545565,0.02492815396041692,0.016129032258067482
130,581.4664664664665,43.55591074945914,1.545545545545565,0.024928153960409816,0.016129032258062885
131,583.0120120120121,43.58083890341955,1.545545545545565,0.024928153960409816,0.016129032258062885
132,584.5575575575576,43.605767057379964,1.545545545545565,0.02492815396041692,0.016129032258067482
133,586.1031031031031,43.630695211340374,1.5455455455454512,0.024928153960409816,0.01612903225806407
134,587.6486486486486,43.655623365300784,1.545545545545565,0.024928153960409816,0.016129032258062885
135,589.1941941941942,43.68055151926119,1.545545545545565,0.024928153960409816,0.016129032258062885
136,590.7397397397398,43.70547967322161,1.545545545545565,0.02492815396041692,0.016129032258067482
137,592.2852852852852,43.73040782718202,1.5455455455454512,0.024928153960409816,0.01612903225806407
138,593.8308308308308,43.75533598114243,1.545545545545565,0.024928153960409816,0.016129032258062885
139,595.3763763763764,43.78026413510285,1.545545545545565,0.02492815396041692,0.016129032258067482
140,596.9219219219219,43.80519228906326,1.545545545545565,0.024928153960409816,0.016129032258062885
141,598.4674674674675,43.83012044302367,1.545545545545565,0.024928153960409816,0.016129032258062885
142,600.013013013013,43.85504859698408,1.545545545545565,0.02492815396041692,0.016129032258067482
143,601.5585585585586,43.87997675094449,1.545545545545565,0.024928153960409816,0.016129032258062885
144,603.1041041041041,43.9049049049049,1.5455455455454512,0.024928153960409816,0.01612903225806407
145,604.6496496496496,43.92983305886532,1.545545545545565,0.02492815396041692,0.016129032258067482
146,606.1951951951952,43.95476121282573,1.545545545545565,0.024928153960409816,0.016129032258062885
147,607.7407407407408,43.97968936678614,1.545545545545565,0.024928153960409816,0.016129032258062885
148,609.2862862862863,44.00461752074656,1.545545545545565,0.02492815396041692,0.016129032258067482
149,610.8318318318318,44.02954567470697,1.5455455455454512,0.024928153960409816,0.01612903225806407
150,612.3773773773773,44.054473828667376,1.545545545545565,0.024928153960409816,0.016129032258062885
151,613.9229229229229,44.079401982627786,1.545545545545565,0.024928153960409816,0.016129032258062885
152,615.4684684684685,44.1043301365882,1.545545545545565,0.02492815396041692,0.016129032258067482
153,617.014014014014,44.12925829054861,1.545545545545565,0.024928153960409816,0.016129032258062885
154,618.5595595595596,44.15418644450902,1.545545545545565,0.024928153960409816,0.016129032258062885
155,620.1051051051052,44.17911459846944,1.545545545545565,0.02492815396041692,0.016129032258067482
156,621.6506506506506,44.20404275242985,1.5455455455454512,0.024928153960409816,0.01612903225806407
157,623.1961961961962,44.22897090639026,1.545545545545565,0.024928153960409816,0.016129032258062885
158,624.7417417417417,44.253899060350676,1.545545545545565,0.02492815396041692,0.016129032258067482
159,626.2872872872873,44.278827214311086,1.545545545545565,0.024928153960409816,0.016129032258062885
160,627.8328328328329,44.303755368271496,1.545545545545565,0.024928153960409816,0.016129032258062885
161,629.3783783783783,44.328683522231906,1.5455455455454512,0.024928153960409816,0.01612903225806407
162,630.9239239239239,44.35361167619232,1.545545545545565,0.02492815396041692,0.016129032258067482
163,632.4694694694695,44.37853983015273,1.545545545545565,0.024928153960409816,0.016129032258062885
164,634.015015015015,44.40346798411314,1.545545545545565,0.024928153960409816,0.016129032258062885
165,635.5605605605606,44.42839613807356,1.545545545545565,0.02492815396041692,0.016129032258067482
166,637.1061061061062,44.45332429203397,1.545545545545565,0.024928153960409816,0.016129032258062885
167,638.6516516516517,44.478252445994386,1.545545545545565,0.02492815396041692,0.016129032258067482
168,640.1971971971973,44.50298783632117,1.545545545545565,0.02473539032678218,0.01600431019200459
169,641.7427427427427,44.52640519307186,1.5455455455454512,0.023417356750691454,0.015151515151516963
170,643.2882882882883,44.54982254982255,1.545545545545565,0.023417356750691454,0.015151515151515848
171,644.8338338338339,44.57323990657324,1.545545545545565,0.023417356750691454,0.015151515151515848
172,646.3793793793793,44.59665726332393,1.5455455455454512,0.02341735675068435,0.015151515151512366
173,647.9249249249249,44.62007462007462,1.545545545545565,0.023417356750691454,0.015151515151515848
174,649.4704704704704,44.64349197682531,1.545545545545565,0.023417356750691454,0.015151515151515848
175,651.016016016016,44.666909333576,1.545545545545565,0.023417356750691454,0.015151515151515848
176,652.5615615615616,44.69032669032669,1.545545545545565,0.023417356750691454,0.015151515151515848
177,654.1071071071071,44.713744047077384,1.545545545545565,0.023417356750691454,0.015151515151515848
178,655.6526526526527,44.73716140382807,1.545545545545565,0.02341735675068435,0.01515151515151125
179,657.1981981981983,44.76057876057876,1.545545545545565,0.023417356750691454,0.015151515151515848
180,658.7437437437437,44.78399611732945,1.5455455455454512,0.023417356750691454,0.015151515151516963
181,660.2892892892893,44.80741347408014,1.545545545545565,0.023417356750691454,0.015151515151515848
182,661.8348348348349,44.830830830830834,1.545545545545565,0.023417356750691454,0.015151515151515848
183,663.3803803803803,44.85424818758152,1.5455455455454512,0.02341735675068435,0.015151515151512366
184,664.9259259259259,44.87766554433221,1.545545545545565,0.023417356750691454,0.015151515151515848
185,666.4714714714714,44.9010829010829,1.545545545545565,0.023417356750691454,0.015151515151515848
186,668.017017017017,44.92450025783359,1.545545545545565,0.023417356750691454,0.015151515151515848
187,669.5625625625626,44.947917614584284,1.545545545545565,0.023417356750691454,0.015151515151515848
188,671.1081081081081,44.97133497133497,1.545545545545565,0.02341735675068435,0.01515151515151125
189,672.6536536536537,44.99475232808566,1.545545545545565,0.023417356750691454,0.015151515151515848
190,674.1991991991993,45.018737487487485,1.545545545545565,0.023985159401824774,0.015518895234729695
191,675.7447447447448,45.04288663663664,1.545545545545565,0.024149149149153004,0.0156250000000023
192,677.2902902902903,45.067035785785784,1.5455455455454512,0.0241491491491459,0.01562499999999885
193,678.8358358358358,45.09118493493494,1.545545545545565,0.024149149149153004,0.0156250000000023
194,680.3813813813814,45.11533408408408,1.545545545545565,0.0241491491491459,0.015624999999997701
195,681.9269269269269,45.139483233233236,1.5455455455454512,0.024149149149153004,0.01562500000000345
196,683.4724724724724,45.16363238238238,1.545545545545565,0.0241491491491459,0.015624999999997701
197,685.018018018018,45.18778153153153,1.545545545545565,0.0241491491491459,0.015624999999997701
198,686.5635635635635,45.21193068068068,1.545545545545565,0.024149149149153004,0.0156250000000023
199,688.1091091091091,45.23607982982983,1.545545545545565,0.024149149149153004,0.0156250000000023
200,689.6546546546547,45.26022897897898,1.545545545545565,0.0241491491491459,0.015624999999997701
201,691.2002002002002,45.284378128128125,1.545545545545565,0.0241491491491459,0.015624999999997701
202,692.7457457457458,45.30852727727728,1.545545545545565,0.024149149149153004,0.0156250000000023
203,694.2912912912914,45.33267642642643,1.545545545545565,0.024149149149153004,0.0156250000000023
204,695.8368368368368,45.35682557557558,1.5455455455454512,0.0241491491491459,0.01562499999999885
205,697.3823823823824,45.38097472472472,1.545545545545565,0.0241491491491459,0.015624999999997701
206,698.927927927928,45.405123873873876,1.545545545545565,0.024149149149153004,0.0156250000000023
207,700.4734734734734,45.42927302302302,1.5455455455454512,0.0241491491491459,0.01562499999999885
208,702.019019019019,45.45342217217217,1.545545545545565,0.0241491491491459,0.015624999999997701
209,703.5645645645645,45.47757132132132,1.545545545545565,0.024149149149153004,0.0156250000000023
210,705.1101101101101,45.50166833500167,1.545545545545565,0.02409701368034689,0.015591267271156893
211,706.6556556556557,45.52508569175236,1.545545545545565,0.023417356750691454,0.015151515151515848
212,708.2012012012012,45.54850304850305,1.545545545545565,0.023417356750691454,0.015151515151515848
213,709.7467467467468,45.57192040525374,1.545545545545565,0.023417356750691454,0.015151515151515848
214,711.2922922922924,45.59533776200443,1.545545545545565,0.02341735675068435,0.01515151515151125
215,712.8378378378379,45.61875511875512,1.545545545545565,0.023417356750691454,0.015151515151515848
216,714.3833833833834,45.64217247550581,1.5455455455454512,0.023417356750691454,0.015151515151516963
217,715.9289289289289,45.6655898322565,1.545545545545565,0.023417356750691454,0.015151515151515848
218,717.4744744744745,45.68900718900719,1.545545545545565,0.023417356750691454,0.015151515151515848
219,719.02002002002,45.71242454575788,1.5455455455454512,0.02341735675068435,0.015151515151512366
220,720.5655655655655,45.73584190250857,1.545545545545565,0.023417356750691454,0.015151515151515848
221,722.1111111111111,45.75925925925926,1.545545545545565,0.023417356750691454,0.015151515151515848
222,723.6566566566567,45.78267661600995,1.545545545545565,0.023417356750691454,0.015151515151515848
223,725.2022022022022,45.80609397276064,1.545545545545565,0.023417356750691454,0.015151515151515848
224,726.7477477477478,45.82951132951133,1.545545545545565,0.02341735675068435,0.01515151515151125
225,728.2932932932933,45.85292868626202,1.545545545545565,0.023417356750691454,0.015151515151515848
226,729.8388388388389,45.87634604301271,1.545545545545565,0.023417356750691454,0.015151515151515848
227,731.3843843843845,45.8997633997634,1.545545545545565,0.023417356750691454,0.015151515151515848
228,732.9299299299299,45.92318075651409,1.5455455455454512,0.023417356750691454,0.015151515151516963
229,734.4754754754755,45.94659811326478,1.545545545545565,0.02341735675068435,0.01515151515151125
230,736.0210210210209,45.97001547001547,1.5455455455454512,0.023417356750691454,0.015151515151516963
231,737.5665665665665,45.99343282676616,1.545545545545565,0.023417356750691454,0.015151515151515848
232,739.1121121121121,46.01685018351685,1.545545545545565,0.023417356750691454,0.015151515151515848
233,740.6576576576576,46.04026754026754,1.545545545545565,0.023417356750691454,0.015151515151515848
234,742.2032032032032,46.06368489701823,1.545545545545565,0.02341735675068435,0.01515151515151125
235,743.7487487487488,46.08710225376892,1.545545545545565,0.023417356750691454,0.015151515151515848
236,745.2942942942943,46.11051961051961,1.545545545545565,0.023417356750691454,0.015151515151515848
237,746.8398398398399,46.1339369672703,1.545545545545565,0.023417356750691454,0.015151515151515848
238,748.3853853853855,46.15735432402099,1.545545545545565,0.023417356750691454,0.015151515151515848
239,749.9309309309309,46.18077168077168,1.5455455455454512,0.02341735675068435,0.015151515151512366
240,751.4764764764765,46.20418903752237,1.545545545545565,0.023417356750691454,0.015151515151515848
241,753.022022022022,46.22760639427306,1.545545545545565,0.023417356750691454,0.015151515151515848
242,754.5675675675675,46.25102375102375,1.5455455455454512,0.023417356750691454,0.015151515151516963
243,756.1131131131131,46.27444110777444,1.545545545545565,0.023417356750691454,0.015151515151515848
244,757.6586586586586,46.29785846452513,1.545545545545565,0.02341735675068435,0.01515151515151125
245,759.2042042042042,46.32127582127582,1.545545545545565,0.023417356750691454,0.015151515151515848
246,760.7497497497498,46.34469317802651,1.545545545545565,0.023417356750691454,0.015151515151515848
247,762.2952952952953,46.3681105347772,1.545545545545565,0.023417356750691454,0.015151515151515848
248,763.8408408408409,46.39152789152789,1.545545545545565,0.023417356750691454,0.015151515151515848
249,765.3863863863864,46.414945248278585,1.545545545545565,0.023417356750691454,0.015151515151515848
250,766.931931931932,46.438362605029276,1.545545545545565,0.023417356750691454,0.015151515151515848
251,768.4774774774775,46.46177996177996,1.5455455455454512,0.02341735675068435,0.015151515151512366
252,770.023023023023,46.48519731853065,1.545545545545565,0.023417356750691454,0.015151515151515848
253,771.5685685685686,46.50861467528134,1.545545545545565,0.023417356750691454,0.015151515151515848
254,773.114114114114,46.53203203203203,1.5455455455454512,0.02341735675068435,0.015151515151512366
255,774.6596596596596,46.55544938878272,1.545545545545565,0.023417356750691454,0.015151515151515848
256,776.2052052052052,46.57886674553341,1.545545545545565,0.023417356750691454,0.015151515151515848
257,777.7507507507507,46.6022841022841,1.545545545545565,0.023417356750691454,0.015151515151515848
258,779.2962962962963,46.625701459034794,1.545545545545565,0.023417356750691454,0.015151515151515848
259,780.8418418418419,46.649118815785485,1.545545545545565,0.023417356750691454,0.015151515151515848
260,782.3873873873874,46.67253617253618,1.545545545545565,0.023417356750691454,0.015151515151515848
261,783.932932932933,46.69595352928686,1.545545545545565,0.02341735675068435,0.01515151515151125
262,785.4784784784786,46.71937088603755,1.545545545545565,0.023417356750691454,0.015151515151515848
263,787.024024024024,46.742788242788244,1.5455455455454512,0.023417356750691454,0.015151515151516963
264,788.5695695695696,46.766205599538935,1.545545545545565,0.023417356750691454,0.015151515151515848
265,790.1151151151151,46.78962295628963,1.545545545545565,0.023417356750691454,0.015151515151515848
266,791.6606606606606,46.81304031304031,1.5455455455454512,0.02341735675068435,0.015151515151512366
267,793.2062062062062,46.836457669791,1.545545545545565,0.023417356750691454,0.015151515151515848
268,794.7517517517517,46.859875026541694,1.545545545545565,0.023417356750691454,0.015151515151515848
269,796.2972972972973,46.883292383292385,1.545545545545565,0.023417356750691454,0.015151515151515848
270,797.8428428428429,46.90670974004308,1.545545545545565,0.023417356750691454,0.015151515151515848
271,799.3883883883884,46.93012709679376,1.545545545545565,0.02341735675068435,0.01515151515151125
272,800.933933933934,46.95354445354445,1.545545545545565,0.023417356750691454,0.015151515151515848
273,802.4794794794796,46.976961810295144,1.545545545545565,0.023417356750691454,0.015151515151515848
274,804.0250250250251,47.00039101601602,1.545545545545565,0.02342920572087337,0.01515918168079806
275,805.5705705705706,47.02454016516516,1.5455455455454512,0.0241491491491459,0.01562499999999885
276,807.1161161161161,47.048689314314316,1.545545545545565,0.024149149149153004,0.0156250000000023
277,808.6616616616617,47.07283846346346,1.545545545545565,0.0241491491491459,0.015624999999997701
278,810.2072072072071,47.09698761261261,1.5455455455454512,0.0241491491491459,0.01562499999999885
279,811.7527527527527,47.12113676176176,1.545545545545565,0.024149149149153004,0.0156250000000023
280,813.2982982982983,47.145285910910914,1.545545545545565,0.024149149149153004,0.0156250000000023
281,814.8438438438438,47.16943506006006,1.545545545545565,0.0241491491491459,0.015624999999997701
282,816.3893893893894,47.193584209209206,1.545545545545565,0.0241491491491459,0.015624999999997701
283,817.934934934935,47.21773335835836,1.545545545545565,0.024149149149153004,0.0156250000000023
284,819.4804804804805,47.24188250750751,1.545545545545565,0.024149149149153004,0.0156250000000023
285,821.0260260260261,47.26603165665666,1.545545545545565,0.0241491491491459,0.015624999999997701
286,822.5715715715716,47.290180805805804,1.5455455455454512,0.0241491491491459,0.01562499999999885
287,824.1171171171171,47.31432995495496,1.545545545545565,0.024149149149153004,0.0156250000000023
288,825.6626626626627,47.3384791041041,1.545545545545565,0.0241491491491459,0.015624999999997701
289,827.2082082082081,47.36262825325325,1.5455455455454512,0.0241491491491459,0.01562499999999885
290,828.7537537537537,47.3867774024024,1.545545545545565,0.024149149149153004,0.0156250000000023
291,830.2992992992993,47.410926551551555,1.545545545545565,0.024149149149153004,0.0156250000000023
292,831.8448448448448,47.4350757007007,1.545545545545565,0.0241491491491459,0.015624999999997701
293,833.3903903903904,47.459224849849846,1.545545545545565,0.0241491491491459,0.015624999999997701
294,834.935935935936,47.483373998999,1.545545545545565,0.024149149149153004,0.0156250000000023
295,836.4814814814815,47.50776583034648,1.545545545545565,0.024391831347479354,0.01578202041200231
296,838.0270270270271,47.53269398430689,1.545545545545565,0.024928153960409816,0.016129032258062885
297,839.5725725725727,47.5576221382673,1.545545545545565,0.024928153960409816,0.016129032258062885
298,841.1181181181181,47.58255029222771,1.5455455455454512,0.024928153960409816,0.01612903225806407
299,842.6636636636637,47.607478446188125,1.545545545545565,0.02492815396041692,0.016129032258067482
300,844.2092092092092,47.632406600148535,1.545545545545565,0.024928153960409816,0.016129032258062885
301,845.7547547547547,47.657334754108945,1.5455455455454512,0.024928153960409816,0.01612903225806407
302,847.3003003003003,47.68226290806936,1.545545545545565,0.02492815396041692,0.016129032258067482
303,848.8458458458458,47.70719106202977,1.545545545545565,0.024928153960409816,0.016129032258062885
304,850.3913913913914,47.73211921599018,1.545545545545565,0.024928153960409816,0.016129032258062885
305,851.936936936937,47.7570473699506,1.545545545545565,0.02492815396041692,0.016129032258067482
306,853.4824824824825,47.78197552391101,1.545545545545565,0.024928153960409816,0.016129032258062885
307,855.0280280280281,47.80690367787142,1.545545545545565,0.024928153960409816,0.016129032258062885
308,856.5735735735736,47.831831831831835,1.545545545545565,0.02492815396041692,0.016129032258067482
309,858.1191191191192,47.856759985792245,1.545545545545565,0.024928153960409816,0.016129032258062885
310,859.6646646646647,47.881688139752654,1.5455455455454512,0.024928153960409816,0.01612903225806407
311,861.2102102102102,47.90661629371307,1.545545545545565,0.02492815396041692,0.016129032258067482
312,862.7557557557558,47.93154444767348,1.545545545545565,0.024928153960409816,0.016129032258062885
313,864.3013013013012,47.95647260163389,1.5455455455454512,0.024928153960409816,0.01612903225806407
314,865.8468468468468,47.9814007555943,1.545545545545565,0.024928153960409816,0.016129032258062885
315,867.3923923923924,48.00613113113113,1.545545545545565,0.024730375536826443,0.016001065518969758
316,868.9379379379379,48.03028028028028,1.545545545545565,0.024149149149153004,0.0156250000000023
317,870.4834834834835,48.05442942942943,1.545545545545565,0.024149149149153004,0.0156250000000023
318,872.0290290290291,48.07857857857858,1.545545545545565,0.0241491491491459,0.015624999999997701
319,873.5745745745746,48.102727727727725,1.545545545545565,0.0241491491491459,0.015624999999997701
320,875.1201201201202,48.12687687687688,1.545545545545565,0.024149149149153004,0.0156250000000023
321,876.6656656656658,48.15102602602603,1.545545545545565,0.024149149149153004,0.0156250000000023
322,878.2112112112112,48.17517517517518,1.5455455455454512,0.0241491491491459,0.01562499999999885
323,879.7567567567568,48.19932432432432,1.545545545545565,0.0241491491491459,0.015624999999997701
324,881.3023023023023,48.223473473473476,1.545545545545565,0.024149149149153004,0.0156250000000023
325,882.8478478478478,48.24762262262262,1.5455455455454512,0.0241491491491459,0.01562499999999885
326,884.3933933933934,48.27177177177177,1.545545545545565,0.0241491491491459,0.015624999999997701
327,885.9389389389389,48.29592092092092,1.545545545545565,0.024149149149153004,0.0156250000000023
328,887.4844844844845,48.320070070070074,1.545545545545565,0.024149149149153004,0.0156250000000023
329,889.03003003003,48.34421921921922,1.545545545545565,0.0241491491491459,0.015624999999997701
330,890.5755755755756,48.368368368368365,1.545545545545565,0.0241491491491459,0.015624999999997701
331,892.1211211211212,48.39251751751752,1.545545545545565,0.024149149149153004,0.0156250000000023
332,893.6666666666666,48.416666666666664,1.5455455455454512,0.0241491491491459,0.01562499999999885
333,895.2122122122122,48.44081581581582,1.545545545545565,0.024149149149153004,0.0156250000000023
334,896.7577577577578,48.46496496496496,1.545545545545565,0.0241491491491459,0.015624999999997701
335,898.3033033033033,48.489114114114116,1.545545545545565,0.024149149149153004,0.0156250000000023
336,899.8488488488489,48.514147480814145,1.545545545545565,0.02503336670002909,0.01619710708117147
337,901.3943943943945,48.53990657323991,1.545545545545565,0.025759092425765573,0.01666666666667065
338,902.9399399399399,48.56566566566566,1.5455455455454512,0.025759092425751362,0.016666666666662684
339,904.4854854854855,48.59142475809143,1.545545545545565,0.025759092425765573,0.01666666666667065
340,906.031031031031,48.617183850517186,1.545545545545565,0.025759092425758467,0.016666666666666052
341,907.5765765765766,48.642942942942945,1.545545545545565,0.025759092425758467,0.016666666666666052
342,909.1221221221222,48.6687020353687,1.545545545545565,0.025759092425758467,0.016666666666666052
343,910.6676676676677,48.69446112779446,1.545545545545565,0.025759092425758467,0.016666666666666052
344,912.2132132132132,48.72022022022022,1.5455455455454512,0.025759092425758467,0.01666666666666728
345,913.7587587587587,48.74597931264598,1.545545545545565,0.025759092425758467,0.016666666666666052
346,915.3043043043043,48.77173840507174,1.545545545545565,0.025759092425758467,0.016666666666666052
347,916.8498498498499,48.797497497497496,1.545545545545565,0.025759092425758467,0.016666666666666052
348,918.3953953953954,48.823256589923254,1.545545545545565,0.025759092425758467,0.016666666666666052
349,919.940940940941,48.84901568234902,1.545545545545565,0.025759092425765573,0.01666666666667065
350,921.4864864864865,48.87477477477477,1.5455455455454512,0.025759092425751362,0.016666666666662684
351,923.032032032032,48.90053386720054,1.545545545545565,0.025759092425765573,0.01666666666667065
352,924.5775775775776,48.926292959626295,1.545545545545565,0.025759092425758467,0.016666666666666052
353,926.1231231231232,48.95205205205205,1.545545545545565,0.025759092425758467,0.016666666666666052
354,927.6686686686687,48.97781114447781,1.545545545545565,0.025759092425758467,0.016666666666666052
355,929.2142142142143,49.00369334852093,1.545545545545565,0.02588220404312125,0.016746322434635884
356,930.7597597597597,49.030340685513096,1.5455455455454512,0.026647336992162707,0.017241379310344668
357,932.3053053053053,49.056988022505266,1.545545545545565,0.026647336992169812,0.017241379310348
358,933.8508508508509,49.08363535949743,1.545545545545565,0.026647336992162707,0.0172413793103434
359,935.3963963963964,49.11028269648959,1.545545545545565,0.026647336992162707,0.0172413793103434
360,936.941941941942,49.13693003348176,1.545545545545565,0.026647336992169812,0.017241379310348
361,938.4874874874874,49.163577370473924,1.5455455455454512,0.026647336992162707,0.017241379310344668
362,940.033033033033,49.190224707466086,1.545545545545565,0.026647336992162707,0.0172413793103434
363,941.5785785785786,49.21687204445825,1.545545545545565,0.026647336992162707,0.0172413793103434
364,943.1241241241241,49.24351938145042,1.545545545545565,0.026647336992169812,0.017241379310348
365,944.6696696696697,49.27016671844258,1.545545545545565,0.026647336992162707,0.0172413793103434
366,946.2152152152153,49.296814055434744,1.545545545545565,0.026647336992162707,0.0172413793103434
367,947.7607607607607,49.32346139242691,1.5455455455454512,0.026647336992162707,0.017241379310344668
368,949.3063063063063,49.35010872941908,1.545545545545565,0.026647336992169812,0.017241379310348
369,950.8518518518518,49.37675606641124,1.545545545545565,0.026647336992162707,0.0172413793103434
370,952.3973973973974,49.4034034034034,1.545545545545565,0.026647336992162707,0.0172413793103434
371,953.942942942943,49.43005074039557,1.545545545545565,0.026647336992169812,0.017241379310348
372,955.4884884884885,49.456698077387735,1.545545545545565,0.026647336992162707,0.0172413793103434
373,957.034034034034,49.4833454143799,1.5455455455454512,0.026647336992162707,0.017241379310344668
374,958.5795795795796,49.510349635349634,1.545545545545565,0.027004220969736537,0.017472290640392785
375,960.1251251251251,49.537948662948665,1.545545545545565,0.02759902759903099,0.017857142857144827
376,961.6706706706707,49.56554769054769,1.545545545545565,0.027599027599023884,0.01785714285714023
377,963.2162162162163,49.59314671814672,1.545545545545565,0.02759902759903099,0.017857142857144827
378,964.7617617617618,49.620745745745744,1.545545545545565,0.027599027599023884,0.01785714285714023
379,966.3073073073073,49.648344773344775,1.5455455455454512,0.02759902759903099,0.01785714285714614
380,967.8528528528528,49.6759438009438,1.545545545545565,0.027599027599023884,0.01785714285714023
381,969.3983983983984,49.70354282854283,1.545545545545565,0.02759902759903099,0.017857142857144827
382,970.943943943944,49.73114185614185,1.545545545545565,0.027599027599023884,0.01785714285714023
383,972.4894894894895,49.758740883740884,1.545545545545565,0.02759902759903099,0.017857142857144827
384,974.0350350350351,49.786339911339915,1.545545545545565,0.02759902759903099,0.017857142857144827
385,975.5805805805805,49.81393893893894,1.5455455455454512,0.027599027599023884,0.017857142857141545
386,977.1261261261261,49.84153796653796,1.545545545545565,0.027599027599023884,0.01785714285714023
387,978.6716716716717,49.869136994136994,1.545545545545565,0.02759902759903099,0.017857142857144827
388,980.2172172172172,49.896736021736025,1.545545545545565,0.02759902759903099,0.017857142857144827
389,981.7627627627628,49.92433504933505,1.545545545545565,0.027599027599023884,0.01785714285714023
390,983.3083083083084,49.95193407693408,1.545545545545565,0.02759902759903099,0.017857142857144827
391,984.8538538538538,49.979533104533104,1.5455455455454512,0.027599027599023884,0.017857142857141545
392,986.3993993993994,50.00739628517406,1.545545545545565,0.027863180640956386,0.018028055349945
393,987.944944944945,50.03601749898046,1.545545545545565,0.028621213806403034,0.0185185185185209
394,989.4904904904905,50.06463871278686,1.545545545545565,0.02862121380639593,0.018518518518516304
395,991.0360360360361,50.09325992659326,1.545545545545565,0.028621213806403034,0.0185185185185209
396,992.5815815815816,50.12188114039966,1.545545545545565,0.02862121380639593,0.018518518518516304
397,994.1271271271271,50.150502354206054,1.5455455455454512,0.02862121380639593,0.018518518518517667
398,995.6726726726727,50.17912356801246,1.545545545545565,0.028621213806403034,0.0185185185185209
399,997.2182182182182,50.20774478181885,1.545545545545565,0.02862121380639593,0.018518518518516304
400,998.7637637637638,50.236365995625256,1.545545545545565,0.028621213806403034,0.0185185185185209
401,1000.3093093093094,50.26498720943165,1.545545545545565,0.02862121380639593,0.018518518518516304
402,1001.8548548548549,50.293608423238055,1.545545545545565,0.028621213806403034,0.0185185185185209
403,1003.4004004004004,50.32222963704445,1.5455455455454512,0.02862121380639593,0.018518518518517667
404,1004.9459459459459,50.350850850850854,1.545545545545565,0.028621213806403034,0.0185185185185209
405,1006.4914914914915,50.37947206465725,1.545545545545565,0.02862121380639593,0.018518518518516304
406,1008.0370370370371,50.408093278463646,1.545545545545565,0.02862121380639593,0.018518518518516304
407,1009.5825825825826,50.43671449227005,1.545545545545565,0.028621213806403034,0.0185185185185209
408,1011.1281281281282,50.465335706076445,1.545545545545565,0.02862121380639593,0.018518518518516304
409,1012.6736736736736,50.49395691988285,1.5455455455454512,0.028621213806403034,0.018518518518522264
410,1014.2192192192192,50.52344652344652,1.545545545545565,0.02948960356367536,0.019080384689191265
411,1015.7647647647648,50.553168553168554,1.545545545545565,0.02972202972203064,0.019230769230769586
412,1017.3103103103103,50.582890582890585,1.545545545545565,0.02972202972203064,0.019230769230769586
413,1018.8558558558559,50.612612612612615,1.545545545545565,0.02972202972203064,0.019230769230769586
414,1020.4014014014014,50.64233464233464,1.5455455455454512,0.029722029722023535,0.0192307692307664
415,1021.9469469469469,50.67205667205667,1.545545545545565,0.02972202972203064,0.019230769230769586
416,1023.4924924924925,50.7017787017787,1.545545545545565,0.02972202972203064,0.019230769230769586
417,1025.038038038038,50.73150073150073,1.5455455455454512,0.02972202972203064,0.019230769230770998
418,1026.5835835835837,50.76122276122276,1.5455455455457923,0.02972202972203064,0.019230769230766755
419,1028.129129129129,50.79094479094479,1.5455455455453375,0.02972202972203064,0.019230769230772413
420,1029.6746746746746,50.82066682066682,1.545545545545565,0.02972202972203064,0.019230769230769586
421,1031.2202202202202,50.85038885038885,1.545545545545565,0.02972202972203064,0.019230769230769586
422,1032.7657657657658,50.88011088011088,1.545545545545565,0.029722029722023535,0.01923076923076499
423,1034.3113113113113,50.90983290983291,1.545545545545565,0.02972202972203064,0.019230769230769586
424,1035.856856856857,50.93955493955494,1.545545545545565,0.02972202972203064,0.019230769230769586
425,1037.4024024024025,50.96927696927697,1.545545545545565,0.02972202972203064,0.019230769230769586
426,1038.9479479479478,50.998998998999,1.5455455455453375,0.02972202972203064,0.019230769230772413
427,1040.4934934934936,51.02986986986987,1.5455455455457923,0.030870870870870704,0.01997409326424541
428,1042.039039039039,51.06078078078078,1.5455455455453375,0.030910910910911582,0.020000000000003126
429,1043.5845845845847,51.09169169169169,1.5455455455457923,0.030910910910911582,0.019999999999997242
430,1045.13013013013,51.1226026026026,1.5455455455453375,0.030910910910904477,0.01999999999999853
431,1046.6756756756758,51.153513513513516,1.5455455455457923,0.030910910910918687,0.02000000000000184
432,1048.2212212212212,51.18442442442442,1.5455455455453375,0.030910910910904477,0.01999999999999853
433,1049.7667667667668,51.21533533533533,1.545545545545565,0.030910910910911582,0.020000000000000184
434,1051.3123123123123,51.246246246246244,1.545545545545565,0.030910910910911582,0.020000000000000184
435,1052.8578578578579,51.277157157157156,1.545545545545565,0.030910910910911582,0.020000000000000184
436,1054.4034034034034,51.30806806806807,1.545545545545565,0.030910910910911582,0.020000000000000184
437,1055.948948948949,51.33897897897898,1.545545545545565,0.030910910910911582,0.020000000000000184
438,1057.4944944944946,51.36988988988989,1.545545545545565,0.030910910910911582,0.020000000000000184
439,1059.04004004004,51.400800800800795,1.5455455455453375,0.030910910910904477,0.01999999999999853
440,1060.5855855855857,51.43171171171171,1.5455455455457923,0.030910910910918687,0.02000000000000184
441,1062.131131131131,51.46262262262262,1.5455455455453375,0.030910910910904477,0.01999999999999853
442,1063.6766766766768,51.49353353353354,1.5455455455457923,0.030910910910918687,0.02000000000000184
443,1065.2222222222222,51.52546296296296,1.5455455455453375,0.03192942942942523,0.020659002590673638
444,1066.7677677677677,51.55766182849516,1.545545545545565,0.03219886553220164,0.020833333333334866
445,1068.3133133133133,51.58986069402736,1.545545545545565,0.03219886553219453,0.02083333333333027
446,1069.8588588588589,51.62205955955956,1.545545545545565,0.03219886553220164,0.020833333333334866
447,1071.4044044044044,51.65425842509176,1.545545545545565,0.03219886553220164,0.020833333333334866
448,1072.94994994995,51.686457290623956,1.545545545545565,0.03219886553219453,0.02083333333333027
449,1074.4954954954956,51.71865615615616,1.545545545545565,0.03219886553220164,0.020833333333334866
450,1076.041041041041,51.75085502168835,1.5455455455453375,0.03219886553219453,0.020833333333333332
451,1077.5865865865867,51.783053887220554,1.5455455455457923,0.03219886553220164,0.020833333333331802
452,1079.132132132132,51.81525275275275,1.5455455455453375,0.03219886553219453,0.020833333333333332
453,1080.6776776776778,51.84745161828496,1.5455455455457923,0.03219886553220874,0.0208333333333364
454,1082.2232232232232,51.87965048381715,1.5455455455453375,0.03219886553219453,0.020833333333333332
455,1083.768768768769,51.91184934934935,1.5455455455457923,0.03219886553220164,0.020833333333331802
456,1085.3143143143143,51.94404821488155,1.5455455455453375,0.03219886553219453,0.020833333333333332
457,1086.8598598598599,51.97624708041375,1.545545545545565,0.03219886553220164,0.020833333333334866
458,1088.4054054054054,52.008813160987074,1.545545545545565,0.032566080573324996,0.021070929075616102
459,1089.950950950951,52.04241197719459,1.545545545545565,0.03359881620751537,0.021739130434784606
460,1091.4964964964965,52.0760107934021,1.545545545545565,0.033598816207508264,0.02173913043478001
461,1093.0420420420419,52.109609609609606,1.5455455455453375,0.033598816207508264,0.02173913043478321
462,1094.5875875875877,52.14320842581712,1.5455455455457923,0.03359881620751537,0.021739130434781408
463,1096.133133133133,52.17680724202463,1.5455455455453375,0.033598816207508264,0.02173913043478321
464,1097.6786786786788,52.210406058232145,1.5455455455457923,0.03359881620751537,0.021739130434781408
465,1099.2242242242241,52.24400487443965,1.5455455455453375,0.033598816207508264,0.02173913043478321
466,1100.76976976977,52.277603690647176,1.5455455455457923,0.033598816207522475,0.021739130434786008
467,1102.3153153153153,52.31120250685468,1.5455455455453375,0.03359881620750116,0.02173913043477861
468,1103.8608608608608,52.34480132306219,1.545545545545565,0.03359881620751537,0.021739130434784606
469,1105.4064064064064,52.37840013926971,1.545545545545565,0.03359881620751537,0.021739130434784606
470,1106.951951951952,52.411998955477216,1.545545545545565,0.033598816207508264,0.02173913043478001
471,1108.4974974974975,52.44559777168473,1.545545545545565,0.03359881620751537,0.021739130434784606
472,1110.043043043043,52.47919658789224,1.545545545545565,0.033598816207508264,0.02173913043478001
473,1111.5885885885887,52.512795404099755,1.545545545545565,0.03359881620751537,0.021739130434784606
474,1113.134134134134,52.54639422030726,1.5455455455453375,0.033598816207508264,0.02173913043478321
475,1114.6796796796798,52.57999303651478,1.5455455455457923,0.03359881620751537,0.021739130434781408
476,1116.2252252252251,52.61359185272229,1.5455455455453375,0.033598816207508264,0.02173913043478321
477,1117.770770770771,52.6471906689298,1.5455455455457923,0.03359881620751537,0.021739130434781408
478,1119.3163163163163,52.68078948513731,1.5455455455453375,0.033598816207508264,0.02173913043478321
479,1120.8618618618618,52.71438830134482,1.545545545545565,0.033598816207508264,0.02173913043478001
480,1122.4074074074074,52.747987117552334,1.545545545545565,0.03359881620751537,0.021739130434784606
481,1123.952952952953,52.78158593375985,1.545545545545565,0.03359881620751537,0.021739130434784606
482,1125.4984984984985,52.81518474996736,1.545545545545565,0.033598816207508264,0.02173913043478001
483,1127.044044044044,52.84878356617487,1.545545545545565,0.03359881620751537,0.021739130434784606
484,1128.5895895895897,52.88238238238238,1.545545545545565,0.033598816207508264,0.02173913043478001
485,1130.135135135135,52.91598119858989,1.5455455455453375,0.033598816207508264,0.02173913043478321
486,1131.6806806806808,52.949580014797405,1.5455455455457923,0.03359881620751537,0.021739130434781408
487,1133.2262262262261,52.98317883100491,1.5455455455453375,0.033598816207508264,0.02173913043478321
488,1134.771771771772,53.01837551837552,1.5455455455457923,0.03519668737060755,0.022772986193802674
489,1136.3173173173172,53.055174221840886,1.5455455455453375,0.03679870346536518,0.023809523809523808
490,1137.862862862863,53.091972925306266,1.5455455455457923,0.03679870346537939,0.023809523809525997
491,1139.4084084084084,53.12877162877163,1.5455455455453375,0.03679870346536518,0.023809523809523808
492,1140.953953953954,53.165570332236996,1.545545545545565,0.03679870346536518,0.023809523809520308
493,1142.4994994994995,53.20236903570237,1.545545545545565,0.036798703465372284,0.023809523809524905
494,1144.045045045045,53.23916773916774,1.545545545545565,0.036798703465372284,0.023809523809524905
495,1145.5905905905906,53.27596644263311,1.545545545545565,0.036798703465372284,0.023809523809524905
496,1147.1361361361362,53.31276514609848,1.545545545545565,0.03679870346536518,0.023809523809520308
497,1148.6816816816818,53.34956384956385,1.545545545545565,0.036798703465372284,0.023809523809524905
498,1150.227227227227,53.386362553029215,1.5455455455453375,0.03679870346536518,0.023809523809523808
499,1151.772772772773,53.423161256494595,1.5455455455457923,0.03679870346537939,0.023809523809525997
500,1153.3183183183182,53.45995995995996,1.5455455455453375,0.03679870346536518,0.023809523809523808
501,1154.863863863864,53.49675866342533,1.5455455455457923,0.036798703465372284,0.0238095238095214
502,1156.4094094094094,53.53203203203203,1.5455455455453375,0.0352733686066955,0.0228226005428067
503,1157.954954954955,53.56715806715807,1.545545545545565,0.03512603512604073,0.022727272727276072
504,1159.5005005005005,53.6022841022841,1.545545545545565,0.03512603512603363,0.022727272727271472
505,1161.046046046046,53.637410137410136,1.545545545545565,0.03512603512603363,0.022727272727271472
506,1162.5915915915916,53.67253617253618,1.545545545545565,0.03512603512604073,0.022727272727276072
507,1164.1371371371372,53.70766220766221,1.545545545545565,0.03512603512603363,0.022727272727271472
508,1165.6826826826828,53.742788242788244,1.545545545545565,0.03512603512603363,0.022727272727271472
509,1167.228228228228,53.77791427791428,1.5455455455453375,0.03512603512603363,0.022727272727274817
510,1168.7737737737739,53.81304031304032,1.5455455455457923,0.03512603512604073,0.022727272727272728
511,1170.3193193193192,53.848166348166345,1.5455455455453375,0.03512603512602652,0.02272727272727022
512,1171.864864864865,53.883292383292385,1.5455455455457923,0.03512603512604073,0.022727272727272728
513,1173.4104104104103,53.91841841841842,1.5455455455453375,0.03512603512603363,0.022727272727274817
514,1174.955955955956,53.95354445354445,1.545545545545565,0.03512603512603363,0.022727272727271472
515,1176.5015015015015,53.988670488670486,1.545545545545565,0.03512603512603363,0.022727272727271472
516,1178.047047047047,54.02617617617618,1.545545545545565,0.03750568750569272,0.024266957136131192
517,1179.5925925925926,54.06481481481482,1.545545545545565,0.0386386386386377,0.024999999999999082
518,1181.1381381381382,54.103453453453454,1.545545545545565,0.0386386386386377,0.024999999999999082
519,1182.6836836836837,54.14209209209209,1.545545545545565,0.0386386386386377,0.024999999999999082
520,1184.229229229229,54.18073073073073,1.5455455455453375,0.0386386386386377,0.02500000000000276
521,1185.7747747747749,54.219369369369375,1.5455455455457923,0.03863863863864481,0.025
522,1187.3203203203202,54.258008008008005,1.5455455455453375,0.038638638638630596,0.024999999999998163
523,1188.865865865866,54.29664664664665,1.5455455455457923,0.03863863863864481,0.025
524,1190.4114114114113,54.33528528528528,1.5455455455453375,0.038638638638630596,0.024999999999998163
525,1191.9569569569571,54.373923923923925,1.5455455455457923,0.03863863863864481,0.025
526,1193.5025025025025,54.41256256256256,1.5455455455453375,0.0386386386386377,0.02500000000000276
527,1195.048048048048,54.4512012012012,1.545545545545565,0.0386386386386377,0.024999999999999082
528,1196.5935935935936,54.48983983983984,1.545545545545565,0.0386386386386377,0.024999999999999082
529,1198.1391391391392,54.52997734576682,1.545545545545565,0.04013750592697818,0.025969798200162368
530,1199.6846846846847,54.57064959696539,1.545545545545565,0.040672251198571985,0.026315789473687113
531,1201.2302302302303,54.61132184816395,1.545545545545565,0.04067225119856488,0.026315789473682516
532,1202.7757757757759,54.651994099362526,1.545545545545565,0.040672251198571985,0.026315789473687113
533,1204.3213213213212,54.69266635056108,1.5455455455453375,0.040672251198557774,0.02631578947368179
534,1205.866866866867,54.733338601759655,1.5455455455457923,0.040672251198571985,0.02631578947368324
535,1207.4124124124123,54.77401085295822,1.5455455455453375,0.04067225119856488,0.026315789473686388
536,1208.9579579579581,54.81468310415679,1.5455455455457923,0.040672251198571985,0.02631578947368324
537,1210.5035035035035,54.85535535535536,1.5455455455453375,0.04067225119856488,0.026315789473686388
538,1212.049049049049,54.89602760655392,1.545545545545565,0.04067225119856488,0.026315789473682516
539,1213.5945945945946,54.93669985775249,1.545545545545565,0.04067225119856488,0.026315789473682516
540,1215.1401401401401,54.97737210895106,1.545545545545565,0.040672251198571985,0.026315789473687113
541,1216.6856856856857,55.018044360149624,1.545545545545565,0.04067225119856488,0.026315789473682516
542,1218.2312312312313,55.05871661134819,1.545545545545565,0.04067225119856488,0.026315789473682516
543,1219.7767767767768,55.09938886254676,1.545545545545565,0.040672251198571985,0.026315789473687113
544,1221.3223223223222,55.14006111374532,1.5455455455453375,0.040672251198557774,0.02631578947368179
545,1222.867867867868,55.1807333649439,1.5455455455457923,0.04067225119857909,0.02631578947368784
546,1224.4134134134133,55.221405616142455,1.5455455455453375,0.040672251198557774,0.02631578947368179
547,1225.958958958959,55.26207786734103,1.5455455455457923,0.040672251198571985,0.02631578947368324
548,1227.5045045045044,55.30275011853959,1.5455455455453375,0.04067225119856488,0.026315789473686388
549,1229.0500500500502,55.343422369738164,1.5455455455457923,0.040672251198571985,0.02631578947368324
550,1230.5955955955956,55.38409462093673,1.5455455455453375,0.04067225119856488,0.026315789473686388
551,1232.1411411411411,55.424766872135294,1.545545545545565,0.04067225119856488,0.026315789473682516
552,1233.6866866866867,55.46543912333386,1.545545545545565,0.04067225119856488,0.026315789473682516
553,1235.2322322322323,55.50611137453243,1.545545545545565,0.040672251198571985,0.026315789473687113
554,1236.7777777777778,55.546783625730995,1.545545545545565,0.04067225119856488,0.026315789473682516
555,1238.3233233233234,55.58745587692956,1.545545545545565,0.04067225119856488,0.026315789473682516
556,1239.868868868869,55.62812812812813,1.545545545545565,0.040672251198571985,0.026315789473687113
557,1241.4144144144143,55.66880037932669,1.5455455455453375,0.040672251198557774,0.02631578947368179
558,1242.95995995996,55.70947263052526,1.5455455455457923,0.040672251198571985,0.02631578947368324
559,1244.5055055055054,55.75014488172383,1.5455455455453375,0.04067225119856488,0.026315789473686388
560,1246.0510510510512,55.7908171329224,1.5455455455457923,0.040672251198571985,0.02631578947368324
561,1247.5965965965966,55.831489384120964,1.5455455455453375,0.04067225119856488,0.026315789473686388
562,1249.1421421421421,55.87216163531953,1.545545545545565,0.04067225119856488,0.026315789473682516
563,1250.6876876876877,55.912833886518094,1.545545545545565,0.04067225119856488,0.026315789473682516
564,1252.2332332332332,55.953506137716666,1.545545545545565,0.040672251198571985,0.026315789473687113
565,1253.7787787787788,55.99417838891523,1.545545545545565,0.04067225119856488,0.026315789473682516
566,1255.3243243243244,56.03895071542131,1.545545545545565,0.04477232650607732,0.028968623173297074
567,1256.86986986987,56.08440793734911,1.545545545545565,0.04545722192780488,0.029411764705878567
568,1258.4154154154153,56.12986515927692,1.5455455455453375,0.04545722192780488,0.029411764705882894
569,1259.960960960961,56.17532238120474,1.5455455455457923,0.04545722192781909,0.029411764705883435
570,1261.5065065065064,56.22077960313254,1.5455455455453375,0.04545722192780488,0.029411764705882894
571,1263.0520520520522,56.26623682506036,1.5455455455457923,0.04545722192781909,0.029411764705883435
572,1264.5975975975975,56.311694046988165,1.5455455455453375,0.04545722192780488,0.029411764705882894
573,1266.143143143143,56.35715126891597,1.545545545545565,0.04545722192780488,0.029411764705878567
574,1267.6886886886887,56.40260849084378,1.545545545545565,0.045457221927811986,0.029411764705883164
575,1269.2342342342342,56.448065712771594,1.545545545545565,0.045457221927811986,0.029411764705883164
576,1270.7797797797798,56.493522934699406,1.545545545545565,0.045457221927811986,0.029411764705883164
577,1272.3253253253254,56.53681459237015,1.545545545545565,0.04329165767074272,0.0280105997493986
578,1273.870870870871,56.57974641307975,1.545545545545565,0.042931820709597446,0.027777777777776756
579,1275.4164164164163,56.622678233789344,1.5455455455453375,0.042931820709597446,0.027777777777780843
580,1276.961961961962,56.66561005449895,1.5455455455457923,0.04293182070960455,0.027777777777777266
581,1278.5075075075074,56.70854187520854,1.5455455455453375,0.04293182070959034,0.027777777777776246
582,1280.0530530530532,56.75147369591814,1.5455455455457923,0.04293182070960455,0.027777777777777266
583,1281.5985985985985,56.794405516627734,1.5455455455453375,0.04293182070959034,0.027777777777776246
584,1283.1441441441443,56.837337337337345,1.5455455455457923,0.04293182070961166,0.027777777777781863
585,1284.6896896896897,56.880269158046936,1.5455455455453375,0.04293182070959034,0.027777777777776246
586,1286.2352352352352,56.92320097875653,1.545545545545565,0.042931820709597446,0.027777777777776756
587,1287.7807807807808,56.96613279946613,1.545545545545565,0.042931820709597446,0.027777777777776756
588,1289.3263263263264,57.0101976976977,1.545545545545565,0.044064898231567895,0.028510902417963585
589,1290.871871871872,57.058495995996,1.545545545545565,0.0482982982982989,0.03125
590,1292.4174174174175,57.106794294294296,1.545545545545565,0.0482982982982989,0.03125
591,1293.962962962963,57.155092592592595,1.545545545545565,0.0482982982982989,0.03125
592,1295.5085085085084,57.20339089089089,1.5455455455453375,0.0482982982982918,0.03125
593,1297.0540540540542,57.25168918918919,1.5455455455457923,0.04829829829830601,0.03125
594,1298.5995995995995,57.299987487487485,1.5455455455453375,0.0482982982982918,0.03125
595,1300.1451451451453,57.34828578578579,1.5455455455457923,0.04829829829830601,0.03125
596,1301.6906906906906,57.39658408408408,1.5455455455453375,0.0482982982982918,0.03125
597,1303.2362362362362,57.44488238238238,1.545545545545565,0.0482982982982989,0.03125
598,1304.7817817817818,57.49318068068068,1.545545545545565,0.0482982982982989,0.03125
599,1306.3273273273273,57.53903903903904,1.545545545545565,0.04585835835835894,0.029671308290155445
600,1307.872872872873,57.58449626096685,1.545545545545565,0.045457221927811986,0.029411764705883164
601,1309.4184184184185,57.62995348289466,1.545545545545565,0.045457221927811986,0.029411764705883164
602,1310.963963963964,57.67541070482247,1.545545545545565,0.04545722192780488,0.029411764705878567
603,1312.5095095095094,57.72086792675027,1.5455455455453375,0.04545722192780488,0.029411764705882894
604,1314.0550550550552,57.76632514867809,1.5455455455457923,0.04545722192781909,0.029411764705883435
605,1315.6006006006005,57.8117823706059,1.5455455455453375,0.04545722192780488,0.029411764705882894
606,1317.1461461461463,57.857239592533716,1.5455455455457923,0.04545722192781909,0.029411764705883435
607,1318.6916916916916,57.90269681446152,1.5455455455453375,0.04545722192780488,0.029411764705882894
608,1320.2372372372374,57.94815403638933,1.5455455455457923,0.045457221927811986,0.029411764705878838
609,1321.7827827827828,57.99361125831714,1.5455455455453375,0.04545722192780488,0.029411764705882894
610,1323.3283283283283,58.04427761094428,1.545545545545565,0.05066635262713959,0.0327821802296061
611,1324.873873873874,58.095795795795794,1.545545545545565,0.051518184851516935,0.033333333333332105
612,1326.4194194194195,58.14731398064732,1.545545545545565,0.05151818485152404,0.033333333333336705
613,1327.964964964965,58.198832165498835,1.545545545545565,0.051518184851516935,0.033333333333332105
614,1329.5105105105104,58.250350350350345,1.5455455455453375,0.05151818485150983,0.03333333333333242
615,1331.0560560560561,58.30186853520187,1.5455455455457923,0.05151818485152404,0.0333333333333318
616,1332.6016016016015,58.353386720053386,1.5455455455453375,0.051518184851516935,0.03333333333333701
617,1334.1471471471473,58.40490490490491,1.5455455455457923,0.05151818485152404,0.0333333333333318
618,1335.6926926926926,58.45642308975642,1.5455455455453375,0.05151818485150983,0.03333333333333242
619,1337.2382382382384,58.50744494494495,1.5455455455457923,0.051021855188530196,0.03301219775474969
620,1338.7837837837837,58.55574324324324,1.5455455455453375,0.0482982982982918,0.03125
621,1340.3293293293293,58.60404154154154,1.545545545545565,0.0482982982982989,0.03125
622,1341.8748748748749,58.65233983983984,1.545545545545565,0.0482982982982989,0.03125
623,1343.4204204204204,58.70063813813814,1.545545545545565,0.0482982982982989,0.03125
624,1344.965965965966,58.74893643643644,1.545545545545565,0.0482982982982989,0.03125
625,1346.5115115115116,58.79723473473474,1.545545545545565,0.0482982982982989,0.03125
626,1348.0570570570571,58.845533033033036,1.545545545545565,0.0482982982982989,0.03125
627,1349.6026026026025,58.89383133133133,1.5455455455453375,0.0482982982982918,0.03125
628,1351.1481481481483,58.94212962962963,1.5455455455457923,0.04829829829830601,0.03125
629,1352.6936936936936,58.990427927927925,1.5455455455453375,0.0482982982982918,0.03125
630,1354.2392392392394,59.04130797464131,1.5455455455457923,0.05088004671338808,0.03292044473229701
631,1355.7847847847847,59.09282615949282,1.5455455455453375,0.05151818485150983,0.03333333333333242
632,1357.3303303303303,59.14434434434434,1.545545545545565,0.051518184851516935,0.033333333333332105
633,1358.8758758758759,59.195862529195864,1.545545545545565,0.05151818485152404,0.033333333333336705
634,1360.4214214214214,59.24738071404738,1.545545545545565,0.051518184851516935,0.033333333333332105
635,1361.966966966967,59.2988988988989,1.545545545545565,0.051518184851516935,0.033333333333332105
636,1363.5125125125126,59.35041708375042,1.545545545545565,0.05151818485152404,0.033333333333336705
637,1365.0580580580581,59.40193526860194,1.545545545545565,0.051518184851516935,0.033333333333332105
638,1366.6036036036035,59.45345345345345,1.5455455455453375,0.05151818485150983,0.03333333333333242
639,1368.1491491491493,59.50497163830497,1.5455455455457923,0.05151818485152404,0.0333333333333318
640,1369.6946946946946,59.55648982315649,1.5455455455453375,0.051518184851516935,0.03333333333333701
641,1371.2402402402404,59.608008008008014,1.5455455455457923,0.05151818485152404,0.0333333333333318
642,1372.7857857857857,59.65952619285952,1.5455455455453375,0.05151818485150983,0.03333333333333242
643,1374.3313313313315,59.71104437771105,1.5455455455457923,0.05151818485152404,0.0333333333333318
644,1375.8768768768768,59.762562562562564,1.5455455455453375,0.051518184851516935,0.03333333333333701
645,1377.4224224224224,59.81408074741408,1.545545545545565,0.051518184851516935,0.033333333333332105
646,1378.967967967968,59.8655989322656,1.545545545545565,0.051518184851516935,0.033333333333332105
647,1380.5135135135135,59.917117117117115,1.545545545545565,0.051518184851516935,0.033333333333332105
648,1382.059059059059,59.96863530196864,1.545545545545565,0.05151818485152404,0.033333333333336705
649,1383.6046046046047,60.02159302159303,1.545545545545565,0.05295771962438778,0.0342647421662971
650,1385.1501501501502,60.07679107679108,1.545545545545565,0.055198055198054874,0.03571428571428506
651,1386.6956956956956,60.13198913198913,1.5455455455453375,0.05519805519804777,0.03571428571428571
652,1388.2412412412414,60.18718718718719,1.5455455455457923,0.05519805519806198,0.0357142857142844
653,1389.7867867867867,60.24238524238524,1.5455455455453375,0.05519805519804777,0.03571428571428571
654,1391.3323323323325,60.2975832975833,1.5455455455457923,0.05519805519806198,0.0357142857142844
655,1392.8778778778778,60.35278135278135,1.5455455455453375,0.05519805519804777,0.03571428571428571
656,1394.4234234234234,60.407979407979404,1.545545545545565,0.055198055198054874,0.03571428571428506
657,1395.968968968969,60.463177463177466,1.545545545545565,0.05519805519806198,0.035714285714289654
658,1397.5145145145145,60.51837551837552,1.545545545545565,0.055198055198054874,0.03571428571428506
659,1399.06006006006,60.573573573573576,1.545545545545565,0.055198055198054874,0.03571428571428506
660,1400.6056056056057,60.62877162877163,1.545545545545565,0.055198055198054874,0.03571428571428506
661,1402.1511511511512,60.683969683969686,1.545545545545565,0.055198055198054874,0.03571428571428506
662,1403.6966966966968,60.73916773916774,1.545545545545565,0.055198055198054874,0.03571428571428506
663,1405.2422422422424,60.794365794365795,1.545545545545565,0.055198055198054874,0.03571428571428506
664,1406.787787787788,60.84956384956386,1.545545545545565,0.05519805519806198,0.035714285714289654
665,1408.3333333333333,60.904761904761905,1.5455455455453375,0.05519805519804777,0.03571428571428571
666,1409.8788788788788,60.95995995995996,1.545545545545565,0.055198055198054874,0.03571428571428506
667,1411.4244244244244,61.01632401632401,1.545545545545565,0.05636405636405328,0.036468712634513296
668,1412.96996996997,61.075768075768075,1.545545545545565,0.05944405944406128,0.03846153846153917
669,1414.5155155155155,61.135212135212136,1.545545545545565,0.05944405944406128,0.03846153846153917
670,1416.061061061061,61.1946561946562,1.545545545545565,0.05944405944406128,0.03846153846153917
671,1417.6066066066066,61.25410025410026,1.545545545545565,0.05944405944406128,0.03846153846153917
672,1419.1521521521522,61.31354431354431,1.545545545545565,0.059444059444054176,0.03846153846153457
673,1420.6976976976978,61.372988372988374,1.545545545545565,0.05944405944406128,0.03846153846153917
674,1422.2432432432433,61.432432432432435,1.545545545545565,0.05944405944406128,0.03846153846153917
675,1423.788788788789,61.491876491876496,1.545545545545565,0.05944405944406128,0.03846153846153917
676,1425.3343343343342,61.54765479765479,1.5455455455453375,0.05577830577829701,0.036089719865625786
677,1426.8798798798798,61.60285285285285,1.545545545545565,0.055198055198054874,0.03571428571428506
678,1428.4254254254254,61.6580509080509,1.545545545545565,0.055198055198054874,0.03571428571428506
679,1429.970970970971,61.713248963248965,1.545545545545565,0.05519805519806198,0.035714285714289654
680,1431.5165165165165,61.76844701844702,1.545545545545565,0.055198055198054874,0.03571428571428506
681,1433.062062062062,61.823645073645075,1.545545545545565,0.055198055198054874,0.03571428571428506
682,1434.6076076076076,61.87884312884313,1.545545545545565,0.055198055198054874,0.03571428571428506
683,1436.1531531531532,61.934041184041185,1.545545545545565,0.055198055198054874,0.03571428571428506
684,1437.6986986986988,61.98923923923924,1.545545545545565,0.055198055198054874,0.03571428571428506
685,1439.2442442442443,62.04785554785555,1.545545545545565,0.05861630861630829,0.03792596652052542
686,1440.78978978979,62.10729960729961,1.545545545545565,0.05944405944406128,0.03846153846153917
687,1442.3353353353355,62.16674366674367,1.545545545545565,0.05944405944406128,0.03846153846153917
688,1443.8808808808808,62.226187726187725,1.5455455455453375,0.059444059444054176,0.03846153846154023
689,1445.4264264264264,62.285631785631786,1.545545545545565,0.05944405944406128,0.03846153846153917
690,1446.971971971972,62.34507584507584,1.545545545545565,0.059444059444054176,0.03846153846153457
691,1448.5175175175175,62.4045199045199,1.545545545545565,0.05944405944406128,0.03846153846153917
692,1450.063063063063,62.46396396396396,1.545545545545565,0.05944405944406128,0.03846153846153917
693,1451.6086086086086,62.523408023408024,1.545545545545565,0.05944405944406128,0.03846153846153917
694,1453.1541541541542,62.582852082852085,1.545545545545565,0.05944405944406128,0.03846153846153917
695,1454.6996996996997,62.642296142296146,1.545545545545565,0.05944405944406128,0.03846153846153917
696,1456.2452452452453,62.70174020174021,1.545545545545565,0.05944405944406128,0.03846153846153917
697,1457.7907907907909,62.76118426118426,1.545545545545565,0.059444059444054176,0.03846153846153457
698,1459.3363363363364,62.82062832062832,1.545545545545565,0.05944405944406128,0.03846153846153917
699,1460.881881881882,62.880072380072384,1.545545545545565,0.05944405944406128,0.03846153846153917
700,1462.4274274274273,62.93951643951644,1.5455455455453375,0.059444059444054176,0.03846153846154023
701,1463.972972972973,62.9989604989605,1.545545545545565,0.05944405944406128,0.03846153846153917
702,1465.5185185185185,63.06327160493827,1.545545545545565,0.06431110597777234,0.04161061844028094
703,1467.064064064064,63.12766933600267,1.545545545545565,0.06439773106439617,0.04166666666666513
704,1468.6096096096096,63.192067067067065,1.545545545545565,0.06439773106439617,0.04166666666666513
705,1470.1551551551552,63.25646479813147,1.545545545545565,0.06439773106440327,0.04166666666666973
706,1471.7007007007007,63.320862529195864,1.545545545545565,0.06439773106439617,0.04166666666666513
707,1473.2462462462463,63.38526026026026,1.545545545545565,0.06439773106439617,0.04166666666666513
708,1474.7917917917919,63.44965799132466,1.545545545545565,0.06439773106440327,0.04166666666666973
709,1476.3373373373374,63.512974512974516,1.545545545545565,0.06331652164985258,0.04096710176697016
710,1477.882882882883,63.57241857241858,1.545545545545565,0.05944405944406128,0.03846153846153917
711,1479.4284284284286,63.63186263186264,1.545545545545565,0.05944405944406128,0.03846153846153917
712,1480.973973973974,63.691306691306686,1.5455455455453375,0.05944405944404707,0.03846153846153563
713,1482.5195195195195,63.75075075075075,1.545545545545565,0.05944405944406128,0.03846153846153917
714,1484.065065065065,63.81019481019481,1.545545545545565,0.05944405944406128,0.03846153846153917
715,1485.6106106106106,63.86963886963887,1.545545545545565,0.05944405944406128,0.03846153846153917
716,1487.1561561561562,63.92908292908293,1.545545545545565,0.05944405944406128,0.03846153846153917
717,1488.7017017017017,63.98852698852699,1.545545545545565,0.05944405944406128,0.03846153846153917
718,1490.2472472472473,64.05196863530198,1.545545545545565,0.06344164677498298,0.04104806031619638
719,1491.7927927927929,64.11636636636636,1.545545545545565,0.06439773106438906,0.04166666666666054
720,1493.3383383383384,64.18076409743077,1.545545545545565,0.06439773106440327,0.04166666666666973
721,1494.883883883884,64.24516182849517,1.545545545545565,0.06439773106440327,0.04166666666666973
722,1496.4294294294295,64.30955955955956,1.545545545545565,0.06439773106438906,0.04166666666666054
723,1497.9749749749749,64.37395729062395,1.5455455455453375,0.06439773106438906,0.041666666666666664
724,1499.5205205205204,64.43835502168835,1.545545545545565,0.06439773106440327,0.04166666666666973
725,1501.066066066066,64.50275275275276,1.545545545545565,0.06439773106440327,0.04166666666666973
726,1502.6116116116116,64.56715048381714,1.545545545545565,0.06439773106438906,0.04166666666666054
727,1504.1571571571571,64.63154821488155,1.545545545545565,0.06439773106440327,0.04166666666666973
728,1505.7027027027027,64.69594594594595,1.545545545545565,0.06439773106440327,0.04166666666666973
729,1507.2482482482483,64.76034367701034,1.545545545545565,0.06439773106438906,0.04166666666666054
730,1508.7937937937938,64.82474140807474,1.545545545545565,0.06439773106440327,0.04166666666666973
731,1510.3393393393394,64.88913913913915,1.545545545545565,0.06439773106440327,0.04166666666666973
732,1511.884884884885,64.95353687020354,1.545545545545565,0.06439773106438906,0.04166666666666054
733,1513.4304304304305,65.01956501956502,1.545545545545565,0.06602814936148604,0.04272158109593506
734,1514.975975975976,65.08981708981709,1.545545545545565,0.07025207025206726,0.045454545454542944
735,1516.5215215215214,65.16006916006916,1.5455455455453375,0.07025207025206726,0.04545454545454963
736,1518.067067067067,65.23032123032122,1.545545545545565,0.07025207025206726,0.045454545454542944
737,1519.6126126126126,65.3005733005733,1.545545545545565,0.07025207025208147,0.045454545454552145
738,1521.1581581581581,65.37082537082537,1.545545545545565,0.07025207025206726,0.045454545454542944
739,1522.7037037037037,65.44107744107744,1.545545545545565,0.07025207025206726,0.045454545454542944
740,1524.2492492492493,65.51038538538539,1.545545545545565,0.06930794430795117,0.04484367640132277
741,1525.7947947947948,65.57478311644978,1.545545545545565,0.06439773106438906,0.04166666666666054
742,1527.3403403403404,65.63918084751418,1.545545545545565,0.06439773106440327,0.04166666666666973
743,1528.885885885886,65.70357857857859,1.545545545545565,0.06439773106440327,0.04166666666666973
744,1530.4314314314315,65.76797630964298,1.545545545545565,0.06439773106438906,0.04166666666666054
745,1531.976976976977,65.83237404070738,1.545545545545565,0.06439773106440327,0.04166666666666973
746,1533.5225225225226,65.89677177177178,1.545545545545565,0.06439773106440327,0.04166666666666973
747,1535.068068068068,65.96116950283617,1.5455455455453375,0.06439773106438906,0.041666666666666664
748,1536.6136136136136,66.02789152789153,1.545545545545565,0.06672202505535552,0.043170533050712
749,1538.1591591591591,66.0981435981436,1.545545545545565,0.07025207025206726,0.045454545454542944
750,1539.7047047047047,66.16839566839566,1.545545545545565,0.07025207025206726,0.045454545454542944
751,1541.2502502502502,66.23864773864774,1.545545545545565,0.07025207025208147,0.045454545454552145
752,1542.7957957957958,66.30889980889981,1.545545545545565,0.07025207025206726,0.045454545454542944
753,1544.3413413413414,66.37915187915188,1.545545545545565,0.07025207025206726,0.045454545454542944
754,1545.886886886887,66.44940394940396,1.545545545545565,0.07025207025208147,0.045454545454552145
755,1547.4324324324325,66.51801801801803,1.545545545545565,0.06861406861406749,0.04439472444653664
756,1548.977977977978,66.58241574908241,1.545545545545565,0.06439773106438906,0.04166666666666054
757,1550.5235235235236,66.64681348014682,1.545545545545565,0.06439773106440327,0.04166666666666973
758,1552.0690690690692,66.71121121121122,1.545545545545565,0.06439773106440327,0.04166666666666973
759,1553.6146146146145,66.77560894227561,1.5455455455453375,0.06439773106438906,0.041666666666666664
760,1555.16016016016,66.84000667334,1.545545545545565,0.06439773106438906,0.04166666666666054
761,1556.7057057057057,66.9044044044044,1.545545545545565,0.06439773106440327,0.04166666666666973
762,1558.2512512512512,66.9688021354688,1.545545545545565,0.06439773106440327,0.04166666666666973
763,1559.7967967967968,67.03983983983984,1.545545545545565,0.07103770437103663,0.045962867012088536
764,1561.3423423423424,67.11711711711712,1.545545545545565,0.0772772772772754,0.049999999999998164
765,1562.887887887888,67.1943943943944,1.545545545545565,0.0772772772772754,0.049999999999998164
766,1564.4334334334335,67.27167167167167,1.545545545545565,0.0772772772772754,0.049999999999998164
767,1565.978978978979,67.34894894894896,1.545545545545565,0.07727727727728961,0.05000000000000736
768,1567.5245245245246,67.42622622622623,1.545545545545565,0.0772772772772754,0.049999999999998164
769,1569.0700700700702,67.50291958625293,1.545545545545565,0.07669336002669525,0.04962219343696087
770,1570.6156156156155,67.56731731731732,1.5455455455453375,0.06439773106438906,0.041666666666666664
771,1572.161161161161,67.63171504838171,1.545545545545565,0.06439773106438906,0.04166666666666054
772,1573.7067067067067,67.69611277944611,1.545545545545565,0.06439773106440327,0.04166666666666973
773,1575.2522522522522,67.76051051051051,1.545545545545565,0.06439773106440327,0.04166666666666973
774,1576.7977977977978,67.8249082415749,1.545545545545565,0.06439773106438906,0.04166666666666054
775,1578.3433433433433,67.8893059726393,1.545545545545565,0.06439773106440327,0.04166666666666973
776,1579.888888888889,67.95370370370371,1.545545545545565,0.06439773106440327,0.04166666666666973
777,1581.4344344344345,68.02172172172172,1.545545545545565,0.06801801801800877,0.04400906735750642
778,1582.97997997998,68.09899899899901,1.545545545545565,0.07727727727728961,0.05000000000000736
779,1584.5255255255256,68.17627627627628,1.545545545545565,0.0772772772772754,0.049999999999998164
780,1586.0710710710712,68.25355355355356,1.545545545545565,0.0772772772772754,0.049999999999998164
781,1587.6166166166167,68.33083083083083,1.545545545545565,0.0772772772772754,0.049999999999998164
782,1589.162162162162,68.40810810810811,1.5455455455453375,0.0772772772772754,0.05000000000000552
783,1590.7077077077076,68.48538538538538,1.545545545545565,0.0772772772772754,0.049999999999998164
784,1592.2532532532532,68.55696605696606,1.545545545545565,0.07158067158067638,0.04631417804993187
785,1593.7987987987988,68.62721812721813,1.545545545545565,0.07025207025206726,0.045454545454542944
786,1595.3443443443443,68.6974701974702,1.545545545545565,0.07025207025206726,0.045454545454542944
787,1596.88988988989,68.76772226772226,1.545545545545565,0.07025207025206726,0.045454545454542944
788,1598.4354354354355,68.83797433797434,1.545545545545565,0.07025207025208147,0.045454545454552145
789,1599.980980980981,68.90822640822641,1.545545545545565,0.07025207025206726,0.045454545454542944
790,1601.5265265265266,68.97847847847848,1.545545545545565,0.07025207025206726,0.045454545454542944
791,1603.0720720720722,69.0536036036036,1.545545545545565,0.07512512512512615,0.048607512953367925
792,1604.6176176176177,69.13088088088088,1.545545545545565,0.0772772772772754,0.049999999999998164
793,1606.1631631631633,69.20815815815817,1.545545545545565,0.07727727727728961,0.05000000000000736
794,1607.7087087087086,69.28543543543543,1.5455455455453375,0.07727727727726119,0.049999999999996325
795,1609.2542542542542,69.3627127127127,1.545545545545565,0.0772772772772754,0.049999999999998164
796,1610.7997997997998,69.43998998998998,1.545545545545565,0.0772772772772754,0.049999999999998164
797,1612.3453453453453,69.51569751569751,1.545545545545565,0.07570752570752859,0.0489843382006607
798,1613.890890890891,69.58594958594959,1.545545545545565,0.07025207025208147,0.045454545454552145
799,1615.4364364364365,69.65620165620166,1.545545545545565,0.07025207025206726,0.045454545454542944
800,1616.981981981982,69.72645372645373,1.545545545545565,0.07025207025206726,0.045454545454542944
801,1618.5275275275276,69.7967057967058,1.545545545545565,0.07025207025206726,0.045454545454542944
802,1620.0730730730731,69.86695786695788,1.545545545545565,0.07025207025208147,0.045454545454552145
803,1621.6186186186187,69.93720993720994,1.545545545545565,0.07025207025206726,0.045454545454542944
804,1623.1641641641643,70.00820820820822,1.545545545545565,0.07099827099827394,0.0459373528026391
805,1624.7097097097098,70.08548548548549,1.545545545545565,0.0772772772772754,0.049999999999998164
806,1626.2552552552552,70.16276276276275,1.5455455455453375,0.07727727727726119,0.049999999999996325
807,1627.8008008008007,70.24004004004004,1.545545545545565,0.07727727727728961,0.05000000000000736
808,1629.3463463463463,70.31731731731732,1.545545545545565,0.0772772772772754,0.049999999999998164
809,1630.8918918918919,70.3945945945946,1.545545545545565,0.0772772772772754,0.049999999999998164
810,1632.4374374374374,70.47187187187187,1.545545545545565,0.0772772772772754,0.049999999999998164
811,1633.982982982983,70.54914914914914,1.545545545545565,0.0772772772772754,0.049999999999998164
812,1635.5285285285286,70.62642642642643,1.545545545545565,0.07727727727728961,0.05000000000000736
813,1637.0740740740741,70.70370370370371,1.545545545545565,0.0772772772772754,0.049999999999998164
814,1638.6196196196197,70.78098098098098,1.545545545545565,0.0772772772772754,0.049999999999998164
815,1640.1651651651653,70.85825825825826,1.545545545545565,0.0772772772772754,0.049999999999998164
816,1641.7107107107108,70.93553553553554,1.545545545545565,0.0772772772772754,0.049999999999998164
817,1643.2562562562564,71.01281281281283,1.545545545545565,0.07727727727728961,0.05000000000000736
818,1644.8018018018017,71.09009009009009,1.5455455455453375,0.07727727727726119,0.049999999999996325
819,1646.3473473473473,71.16736736736736,1.545545545545565,0.0772772772772754,0.049999999999998164
820,1647.8928928928929,71.24464464464464,1.545545545545565,0.0772772772772754,0.049999999999998164
821,1649.4384384384384,71.32192192192193,1.545545545545565,0.07727727727728961,0.05000000000000736
822,1650.983983983984,71.3991991991992,1.545545545545565,0.0772772772772754,0.049999999999998164
823,1652.5295295295296,71.47647647647648,1.545545545545565,0.0772772772772754,0.049999999999998164
824,1654.0750750750751,71.55375375375375,1.545545545545565,0.0772772772772754,0.049999999999998164
825,1655.6206206206207,71.63103103103103,1.545545545545565,0.0772772772772754,0.049999999999998164
826,1657.1661661661662,71.70830830830832,1.545545545545565,0.07727727727728961,0.05000000000000736
827,1658.7117117117118,71.7855855855856,1.545545545545565,0.0772772772772754,0.049999999999998164
828,1660.2572572572574,71.86286286286287,1.545545545545565,0.0772772772772754,0.049999999999998164
829,1661.8028028028027,71.94014014014013,1.5455455455453375,0.07727727727726119,0.049999999999996325
830,1663.3483483483483,72.01741741741742,1.545545545545565,0.07727727727728961,0.05000000000000736
831,1664.8938938938938,72.0946946946947,1.545545545545565,0.0772772772772754,0.049999999999998164
832,1666.4394394394394,72.17197197197197,1.545545545545565,0.0772772772772754,0.049999999999998164
833,1667.984984984985,72.24924924924925,1.545545545545565,0.0772772772772754,0.049999999999998164
834,1669.5305305305305,72.32652652652652,1.545545545545565,0.0772772772772754,0.049999999999998164
835,1671.076076076076,72.40380380380381,1.545545545545565,0.07727727727728961,0.05000000000000736
836,1672.6216216216217,72.48108108108109,1.545545545545565,0.0772772772772754,0.049999999999998164
837,1674.1671671671672,72.55835835835836,1.545545545545565,0.0772772772772754,0.049999999999998164
838,1675.7127127127128,72.63563563563564,1.545545545545565,0.0772772772772754,0.049999999999998164
839,1677.2582582582584,72.71291291291291,1.545545545545565,0.0772772772772754,0.049999999999998164
840,1678.803803803804,72.7901901901902,1.545545545545565,0.07727727727728961,0.05000000000000736
841,1680.3493493493493,72.86746746746746,1.5455455455453375,0.07727727727726119,0.049999999999996325
842,1681.8948948948948,72.94474474474474,1.545545545545565,0.0772772772772754,0.049999999999998164
843,1683.4404404404404,73.0244689133578,1.545545545545565,0.07972416861305476,0.05158318940702118
844,1684.985985985986,73.110332554777,1.545545545545565,0.0858636414192091,0.055555555555562706
845,1686.5315315315315,73.1961961961962,1.545545545545565,0.08586364141919489,0.05555555555555351
846,1688.077077077077,73.28205983761539,1.545545545545565,0.08586364141919489,0.05555555555555351
847,1689.6226226226227,73.36792347903459,1.545545545545565,0.08586364141919489,0.05555555555555351
848,1691.1681681681682,73.4537871204538,1.545545545545565,0.0858636414192091,0.055555555555562706
849,1692.7137137137138,73.53568568568569,1.545545545545565,0.08189856523189576,0.05299006908462619
850,1694.2592592592594,73.61296296296297,1.545545545545565,0.0772772772772754,0.049999999999998164
851,1695.804804804805,73.69024024024024,1.545545545545565,0.0772772772772754,0.049999999999998164
852,1697.3503503503505,73.76751751751752,1.545545545545565,0.0772772772772754,0.049999999999998164
853,1698.8958958958958,73.8447947947948,1.5455455455453375,0.0772772772772754,0.05000000000000552
854,1700.4414414414414,73.92207207207207,1.545545545545565,0.0772772772772754,0.049999999999998164
855,1701.986986986987,73.99934934934934,1.545545545545565,0.0772772772772754,0.049999999999998164
856,1703.5325325325325,74.08514069625181,1.545545545545565,0.08579134690246804,0.05550877950489928
857,1705.078078078078,74.17100433767101,1.545545545545565,0.08586364141919489,0.05555555555555351
858,1706.6236236236236,74.2568679790902,1.545545545545565,0.08586364141919489,0.05555555555555351
859,1708.1691691691692,74.3427316205094,1.545545545545565,0.08586364141919489,0.05555555555555351
860,1709.7147147147148,74.42859526192859,1.545545545545565,0.08586364141919489,0.05555555555555351
861,1711.2602602602603,74.5144589033478,1.545545545545565,0.0858636414192091,0.055555555555562706
862,1712.805805805806,74.600322544767,1.545545545545565,0.08586364141919489,0.05555555555555351
863,1714.3513513513515,74.68618618618619,1.545545545545565,0.08586364141919489,0.05555555555555351
864,1715.896896896897,74.77204982760539,1.545545545545565,0.08586364141919489,0.05555555555555351
865,1717.4424424424424,74.85791346902458,1.5455455455453375,0.08586364141919489,0.055555555555561686
866,1718.987987987988,74.94377711044378,1.545545545545565,0.08586364141919489,0.05555555555555351
867,1720.5335335335335,75.02964075186297,1.545545545545565,0.08586364141919489,0.05555555555555351
868,1722.079079079079,75.11550439328217,1.545545545545565,0.08586364141919489,0.05555555555555351
869,1723.6246246246246,75.20136803470137,1.545545545545565,0.0858636414192091,0.055555555555562706
870,1725.1701701701702,75.28723167612057,1.545545545545565,0.08586364141919489,0.05555555555555351
871,1726.7157157157158,75.37309531753976,1.545545545545565,0.08586364141919489,0.05555555555555351
872,1728.2612612612613,75.45895895895896,1.545545545545565,0.08586364141919489,0.05555555555555351
873,1729.806806806807,75.54482260037815,1.545545545545565,0.08586364141919489,0.05555555555555351
874,1731.3523523523525,75.63068624179736,1.545545545545565,0.0858636414192091,0.055555555555562706
875,1732.897897897898,75.71654988321656,1.545545545545565,0.08586364141919489,0.05555555555555351
876,1734.4434434434434,75.80241352463574,1.5455455455453375,0.08586364141918068,0.05555555555555249
877,1735.988988988989,75.88827716605493,1.545545545545565,0.08586364141919489,0.05555555555555351
878,1737.5345345345345,75.97414080747414,1.545545545545565,0.0858636414192091,0.055555555555562706
879,1739.08008008008,76.06000444889334,1.545545545545565,0.08586364141919489,0.05555555555555351
880,1740.6256256256256,76.14586809031253,1.545545545545565,0.08586364141919489,0.05555555555555351
881,1742.1711711711712,76.23173173173173,1.545545545545565,0.08586364141919489,0.05555555555555351
882,1743.7167167167167,76.31759537315094,1.545545545545565,0.0858636414192091,0.055555555555562706
883,1745.2622622622623,76.40345901457013,1.545545545545565,0.08586364141919489,0.05555555555555351
884,1746.8078078078079,76.48932265598933,1.545545545545565,0.08586364141919489,0.05555555555555351
885,1748.3533533533534,76.57518629740852,1.545545545545565,0.08586364141919489,0.05555555555555351
886,1749.898898898899,76.66104993882772,1.545545545545565,0.08586364141919489,0.05555555555555351
887,1751.4444444444446,76.74691358024693,1.545545545545565,0.0858636414192091,0.055555555555562706
888,1752.98998998999,76.8327772216661,1.5455455455453375,0.08586364141918068,0.05555555555555249
889,1754.5355355355355,76.9186408630853,1.545545545545565,0.08586364141919489,0.05555555555555351
890,1756.081081081081,77.00506756756756,1.545545545545565,0.08642670448226397,0.05591986902705999
891,1757.6266266266266,77.10166416416416,1.545545545545565,0.0965965965965978,0.0625
892,1759.1721721721722,77.19826076076076,1.545545545545565,0.0965965965965978,0.0625
893,1760.7177177177177,77.29485735735736,1.545545545545565,0.0965965965965978,0.0625
894,1762.2632632632633,77.39145395395396,1.545545545545565,0.0965965965965978,0.0625
895,1763.8088088088089,77.48805055055055,1.545545545545565,0.0965965965965978,0.0625
896,1765.3543543543544,77.58464714714715,1.545545545545565,0.0965965965965978,0.0625
897,1766.8998998999,77.68124374374375,1.545545545545565,0.0965965965965978,0.0625
898,1768.4454454454456,77.77784034034035,1.545545545545565,0.0965965965965978,0.0625
899,1769.9909909909911,77.87443693693695,1.545545545545565,0.0965965965965978,0.0625
900,1771.5365365365365,77.97103353353353,1.5455455455453375,0.0965965965965836,0.0625
901,1773.082082082082,78.06763013013013,1.545545545545565,0.0965965965965978,0.0625
902,1774.6276276276276,78.16422672672672,1.545545545545565,0.0965965965965978,0.0625
903,1776.1731731731732,78.26082332332332,1.545545545545565,0.0965965965965978,0.0625
904,1777.7187187187187,78.35741991991992,1.545545545545565,0.0965965965965978,0.0625
905,1779.2642642642643,78.45401651651652,1.545545545545565,0.0965965965965978,0.0625
906,1780.8098098098098,78.54498943387833,1.545545545545565,0.09097291736181035,0.05886136298215505
907,1782.3553553553554,78.63085307529752,1.545545545545565,0.08586364141919489,0.05555555555555351
908,1783.900900900901,78.71671671671672,1.545545545545565,0.08586364141919489,0.05555555555555351
909,1785.4464464464465,78.80258035813591,1.545545545545565,0.08586364141919489,0.05555555555555351
910,1786.991991991992,78.88844399955512,1.545545545545565,0.0858636414192091,0.055555555555562706
911,1788.5375375375377,78.97430764097432,1.545545545545565,0.08586364141919489,0.05555555555555351
912,1790.083083083083,79.07736307736307,1.5455455455453375,0.10305543638875747,0.06667900320750167
913,1791.6286286286286,79.18775918775918,1.545545545545565,0.11039611039610975,0.07142857142857012
914,1793.1741741741741,79.2981552981553,1.545545545545565,0.11039611039610975,0.07142857142857012
915,1794.7197197197197,79.4085514085514,1.545545545545565,0.11039611039610975,0.07142857142857012
916,1796.2652652652653,79.51657907907908,1.545545545545565,0.10802767052767592,0.0698961417468568
917,1797.8108108108108,79.61317567567568,1.545545545545565,0.0965965965965978,0.0625
918,1799.3563563563564,79.70977227227228,1.545545545545565,0.0965965965965978,0.0625
919,1800.901901901902,79.80636886886887,1.545545545545565,0.0965965965965978,0.0625
920,1802.4474474474475,79.90296546546547,1.545545545545565,0.0965965965965978,0.0625
921,1803.992992992993,79.99956206206207,1.545545545545565,0.0965965965965978,0.0625
922,1805.5385385385387,80.10989560989562,1.545545545545565,0.1103335478335481,0.0713880921539593
923,1807.084084084084,80.22029172029171,1.5455455455453375,0.11039611039609554,0.07142857142857142
924,1808.6296296296296,80.33068783068782,1.545545545545565,0.11039611039610975,0.07142857142857012
925,1810.1751751751751,80.44108394108393,1.545545545545565,0.11039611039610975,0.07142857142857012
926,1811.7207207207207,80.54504504504504,1.545545545545565,0.10396110396111169,0.0672649888971174
927,1813.2662662662663,80.64164164164164,1.545545545545565,0.0965965965965978,0.0625
928,1814.8118118118118,80.73823823823824,1.545545545545565,0.0965965965965978,0.0625
929,1816.3573573573574,80.83483483483484,1.545545545545565,0.0965965965965978,0.0625
930,1817.902902902903,80.93143143143143,1.545545545545565,0.0965965965965978,0.0625
931,1819.4484484484485,81.03737070403737,1.545545545545565,0.10593927260593716,0.06854490500863336
932,1820.993993993994,81.16616616616618,1.545545545545565,0.12879546212880655,0.08333333333333946
933,1822.5395395395396,81.29496162829497,1.545545545545565,0.12879546212879234,0.08333333333333026
934,1824.0850850850852,81.42375709042376,1.545545545545565,0.12879546212879234,0.08333333333333026
935,1825.6306306306305,81.53941441441441,1.5455455455453375,0.11565732399064643,0.07483268566494257
936,1827.176176176176,81.636011011011,1.545545545545565,0.0965965965965978,0.0625
937,1828.7217217217217,81.7326076076076,1.545545545545565,0.0965965965965978,0.0625
938,1830.2672672672672,81.8292042042042,1.545545545545565,0.0965965965965978,0.0625
939,1831.8128128128128,81.9258008008008,1.545545545545565,0.0965965965965978,0.0625
940,1833.3583583583584,82.02986319652986,1.545545545545565,0.10406239572905918,0.06733052677029068
941,1834.903903903904,82.15865865865867,1.545545545545565,0.12879546212880655,0.08333333333333946
942,1836.4494494494495,82.28745412078746,1.545545545545565,0.12879546212879234,0.08333333333333026
943,1837.994994994995,82.41624958291625,1.545545545545565,0.12879546212879234,0.08333333333333026
944,1839.5405405405406,82.53861003861005,1.545545545545565,0.12236045569379428,0.07916975080187756
945,1841.0860860860862,82.64900614900615,1.545545545545565,0.11039611039610975,0.07142857142857012
946,1842.6316316316318,82.75940225940226,1.545545545545565,0.11039611039610975,0.07142857142857012
947,1844.177177177177,82.86979836979836,1.5455455455453375,0.11039611039609554,0.07142857142857142
948,1845.7227227227227,82.98019448019447,1.545545545545565,0.11039611039610975,0.07142857142857012
949,1847.2682682682682,83.10568902235569,1.545545545545565,0.12549454216122058,0.0811975697014623
950,1848.8138138138138,83.23448448448448,1.545545545545565,0.12879546212879234,0.08333333333333026
951,1850.3593593593594,83.36327994661328,1.545545545545565,0.12879546212879234,0.08333333333333026
952,1851.904904904905,83.49207540874208,1.545545545545565,0.12879546212880655,0.08333333333333946
953,1853.4504504504505,83.62087087087087,1.545545545545565,0.12879546212879234,0.08333333333333026
954,1854.995995995996,83.74966633299967,1.545545545545565,0.12879546212879234,0.08333333333333026
955,1856.5415415415416,83.87846179512847,1.545545545545565,0.12879546212880655,0.08333333333333946
956,1858.0870870870872,84.00725725725727,1.545545545545565,0.12879546212879234,0.08333333333333026
957,1859.6326326326327,84.13605271938606,1.545545545545565,0.12879546212879234,0.08333333333333026
958,1861.1781781781783,84.26484818151486,1.545545545545565,0.12879546212880655,0.08333333333333946
959,1862.7237237237237,84.39364364364364,1.5455455455453375,0.12879546212877813,0.08333333333333333
960,1864.2692692692692,84.52243910577243,1.545545545545565,0.12879546212879234,0.08333333333333026
961,1865.8148148148148,84.65123456790123,1.545545545545565,0.12879546212879234,0.08333333333333026
962,1867.3603603603603,84.78003003003003,1.545545545545565,0.12879546212880655,0.08333333333333946
963,1868.905905905906,84.90882549215883,1.545545545545565,0.12879546212879234,0.08333333333333026
964,1870.4514514514515,85.04514514514514,1.545545545545565,0.136319652986316,0.08820164075992744
965,1871.996996996997,85.1996996996997,1.545545545545565,0.15455455455456502,0.10000000000000552
966,1873.5425425425426,85.35425425425426,1.545545545545565,0.1545545545545508,0.09999999999999633
967,1875.0880880880882,85.50734067400735,1.545545545545565,0.15308641975309456,0.09905008635578987
968,1876.6336336336337,85.63613613613614,1.545545545545565,0.12879546212879234,0.08333333333333026
969,1878.1791791791793,85.76493159826494,1.545545545545565,0.12879546212879234,0.08333333333333026
970,1879.7247247247249,85.89372706039374,1.545545545545565,0.12879546212880655,0.08333333333333946
971,1881.2702702702702,86.02702702702702,1.5455455455453375,0.13329996663327393,0.08624784110534882
972,1882.8158158158158,86.18158158158158,1.545545545545565,0.15455455455456502,0.10000000000000552
973,1884.3613613613613,86.33613613613613,1.545545545545565,0.1545545545545508,0.09999999999999633
974,1885.906906906907,86.49069069069068,1.545545545545565,0.1545545545545508,0.09999999999999633
975,1887.4524524524525,86.62103770437103,1.545545545545565,0.13034701368034973,0.08433721934369673
976,1888.997997997998,86.74983316649984,1.545545545545565,0.12879546212880655,0.08333333333333946
977,1890.5435435435436,86.87862862862863,1.545545545545565,0.12879546212879234,0.08333333333333026
978,1892.0890890890892,87.00890890890892,1.545545545545565,0.1302802802802887,0.08429404145078159
979,1893.6346346346347,87.16346346346347,1.545545545545565,0.1545545545545508,0.09999999999999633
980,1895.1801801801803,87.31801801801802,1.545545545545565,0.1545545545545508,0.09999999999999633
981,1896.7257257257259,87.47257257257259,1.545545545545565,0.15455455455456502,0.10000000000000552
982,1898.2712712712712,87.60593927260594,1.5455455455453375,0.13336670003334916,0.08629101899827316
983,1899.8168168168168,87.73473473473473,1.545545545545565,0.12879546212879234,0.08333333333333026
984,1901.3623623623623,87.86353019686352,1.545545545545565,0.12879546212879234,0.08333333333333026
985,1902.9079079079079,87.99232565899233,1.545545545545565,0.12879546212880655,0.08333333333333946
986,1904.4534534534534,88.14534534534535,1.545545545545565,0.15301968635301932,0.09900690846286554
987,1905.998998998999,88.2998998998999,1.545545545545565,0.1545545545545508,0.09999999999999633
988,1907.5445445445446,88.45445445445446,1.545545545545565,0.15455455455456502,0.10000000000000552
989,1909.0900900900901,88.60900900900901,1.545545545545565,0.1545545545545508,0.09999999999999633
990,1910.6356356356357,88.76356356356357,1.545545545545565,0.1545545545545508,0.09999999999999633
991,1912.1811811811813,88.91811811811813,1.545545545545565,0.15455455455456502,0.10000000000000552
992,1913.7267267267268,89.07267267267268,1.545545545545565,0.1545545545545508,0.09999999999999633
993,1915.2722722722724,89.22722722722725,1.545545545545565,0.15455455455456502,0.10000000000000552
994,1916.8178178178177,89.38178178178177,1.5455455455453375,0.15455455455452238,0.09999999999999265
995,1918.3633633633633,89.53633633633633,1.545545545545565,0.15455455455456502,0.10000000000000552
996,1919.9089089089089,89.69089089089088,1.545545545545565,0.1545545545545508,0.09999999999999633
997,1921.4544544544544,89.84544544544545,1.545545545545565,0.15455455455456502,0.10000000000000552
998,1923.0,90.0,1.545545545545565,0.1545545545545508,0.09999999999999633
