"sigma_yy","strain:0","strain:1","strain:2","Points:0","Points:1","Points:2"
0.018861,0.023194,0.15046,1.5155e-06,41.045,50,0
0.018181,0.024152,0.14425,1.3496e-06,41.1,50,0
0.017501,0.02511,0.13805,1.1837e-06,41.155,50,0
0.016822,0.026068,0.13184,1.0178e-06,41.21,50,0
0.016142,0.027026,0.12564,8.5184e-07,41.265,50,0
0.015462,0.027984,0.11944,6.8592e-07,41.32,50,0
0.014783,0.028942,0.11323,5.2e-07,41.375,50,0
0.014103,0.029901,0.10703,3.5408e-07,41.43,50,0
0.013423,0.030859,0.10082,1.8816e-07,41.485,50,0
0.012744,0.031817,0.094619,2.2236e-08,41.54,50,0
0.012064,0.032775,0.088415,-1.4368e-07,41.595,50,0
0.011384,0.033733,0.08221,-3.096e-07,41.65,50,0
0.010705,0.034691,0.076006,-4.7553e-07,41.705,50,0
0.010025,0.035649,0.069803,-6.4143e-07,41.76,50,0
0.0093453,0.036607,0.063599,-8.0736e-07,41.815,50,0
0.0086656,0.037565,0.057394,-9.7328e-07,41.87,50,0
0.0079859,0.038523,0.05119,-1.1392e-06,41.925,50,0
0.0073062,0.039481,0.044986,-1.3051e-06,41.98,50,0
0.0069429,0.039969,0.042114,-1.347e-06,42.035,50,0
0.0067603,0.040188,0.041146,-1.318e-06,42.09,50,0
0.0065777,0.040407,0.040178,-1.2891e-06,42.145,50,0
0.0063952,0.040626,0.03921,-1.2601e-06,42.2,50,0
0.0062126,0.040845,0.038242,-1.2311e-06,42.255,50,0
0.00603,0.041064,0.037274,-1.2021e-06,42.31,50,0
0.0058474,0.041283,0.036306,-1.1732e-06,42.365,50,0
0.0056649,0.041502,0.035338,-1.1442e-06,42.42,50,0
0.0054823,0.041721,0.03437,-1.1152e-06,42.475,50,0
0.0052997,0.04194,0.033402,-1.0862e-06,42.53,50,0
0.0051171,0.042159,0.032434,-1.0573e-06,42.585,50,0
0.0049346,0.042378,0.031466,-1.0283e-06,42.64,50,0
0.004752,0.042597,0.030498,-9.9932e-07,42.695,50,0
0.0045694,0.042816,0.02953,-9.7035e-07,42.75,50,0
0.0043868,0.043035,0.028562,-9.4137e-07,42.805,50,0
0.0042043,0.043254,0.027594,-9.124e-07,42.86,50,0
0.0040217,0.043473,0.026626,-8.8342e-07,42.915,50,0
0.0038391,0.043692,0.025658,-8.5445e-07,42.97,50,0
0.0036565,0.043911,0.024689,-8.2547e-07,43.025,50,0
0.003474,0.04413,0.023721,-7.965e-07,43.08,50,0
0.0032914,0.044349,0.022753,-7.6753e-07,43.135,50,0
0.0031088,0.044568,0.021785,-7.3855e-07,43.19,50,0
0.0029262,0.044787,0.020817,-7.0958e-07,43.245,50,0
0.0027437,0.045006,0.019849,-6.806e-07,43.3,50,0
0.0025611,0.045225,0.018881,-6.5163e-07,43.355,50,0
0.0023785,0.045444,0.017913,-6.2265e-07,43.41,50,0
0.0021959,0.045663,0.016945,-5.9368e-07,43.465,50,0
0.0020134,0.045882,0.015977,-5.647e-07,43.52,50,0
0.0018308,0.046101,0.015009,-5.3573e-07,43.575,50,0
0.0016482,0.04632,0.014041,-5.0675e-07,43.63,50,0
0.0014656,0.046539,0.013073,-4.7778e-07,43.685,50,0
0.0012831,0.046758,0.012105,-4.488e-07,43.74,50,0
0.0011005,0.046977,0.011137,-4.1983e-07,43.795,50,0
0.00091792,0.047196,0.010169,-3.9086e-07,43.85,50,0
0.00073535,0.047415,0.0092009,-3.6188e-07,43.905,50,0
0.00055277,0.047634,0.0082329,-3.3291e-07,43.96,50,0
0.00041461,0.047772,0.0074942,-3.1006e-07,44.015,50,0
0.0003949,0.047694,0.007367,-3.0356e-07,44.07,50,0
0.0003752,0.047616,0.0072399,-2.9706e-07,44.125,50,0
0.00035549,0.047539,0.0071127,-2.9056e-07,44.18,50,0
0.00033578,0.047461,0.0069855,-2.8406e-07,44.235,50,0
0.00031607,0.047383,0.0068584,-2.7756e-07,44.29,50,0
0.00029636,0.047306,0.0067312,-2.7105e-07,44.345,50,0
0.00027665,0.047228,0.0066041,-2.6455e-07,44.4,50,0
0.00025694,0.04715,0.0064769,-2.5805e-07,44.455,50,0
0.00023724,0.047073,0.0063498,-2.5155e-07,44.51,50,0
0.00021753,0.046995,0.0062226,-2.4505e-07,44.565,50,0
0.00019782,0.046917,0.0060954,-2.3855e-07,44.62,50,0
0.00017811,0.04684,0.0059683,-2.3205e-07,44.675,50,0
0.0001584,0.046762,0.0058411,-2.2555e-07,44.73,50,0
0.0001387,0.046684,0.005714,-2.1905e-07,44.785,50,0
0.00011899,0.046607,0.0055868,-2.1255e-07,44.84,50,0
9.9278e-05,0.046529,0.0054596,-2.0604e-07,44.895,50,0
7.957e-05,0.046451,0.0053325,-1.9954e-07,44.95,50,0
5.9861e-05,0.046374,0.0052053,-1.9304e-07,45.005,50,0
4.0153e-05,0.046296,0.0050782,-1.8654e-07,45.06,50,0
2.0444e-05,0.046218,0.004951,-1.8004e-07,45.115,50,0
7.369e-07,0.046141,0.0048239,-1.7354e-07,45.17,50,0
-1.8972e-05,0.046063,0.0046967,-1.6704e-07,45.225,50,0
-3.868e-05,0.045985,0.0045695,-1.6054e-07,45.28,50,0
-5.8389e-05,0.045908,0.0044424,-1.5404e-07,45.335,50,0
-7.8097e-05,0.04583,0.0043152,-1.4753e-07,45.39,50,0
-9.7806e-05,0.045752,0.0041881,-1.4103e-07,45.445,50,0
-0.00011751,0.045675,0.0040609,-1.3453e-07,45.5,50,0
-0.00013722,0.045597,0.0039337,-1.2803e-07,45.555,50,0
-0.00015693,0.045519,0.0038066,-1.2153e-07,45.61,50,0
-0.00017664,0.045442,0.0036794,-1.1503e-07,45.665,50,0
-0.00019635,0.045364,0.0035523,-1.0853e-07,45.72,50,0
-0.00021606,0.045286,0.0034251,-1.0203e-07,45.775,50,0
-0.00023577,0.045209,0.0032979,-9.5526e-08,45.83,50,0
-0.00025547,0.045131,0.0031708,-8.9025e-08,45.885,50,0
-0.00027518,0.045053,0.0030436,-8.2524e-08,45.94,50,0
-0.00029489,0.044976,0.0029165,-7.6023e-08,45.995,50,0
-0.00029476,0.0449,0.0028737,-7.4748e-08,46.05,50,0
-0.00029264,0.044825,0.0028394,-7.3997e-08,46.105,50,0
-0.00029052,0.044749,0.0028051,-7.3245e-08,46.16,50,0
-0.00028841,0.044674,0.0027707,-7.2494e-08,46.215,50,0
-0.00028629,0.044598,0.0027364,-7.1743e-08,46.27,50,0
-0.00028417,0.044523,0.0027021,-7.0991e-08,46.325,50,0
-0.00028206,0.044448,0.0026678,-7.024e-08,46.38,50,0
-0.00027994,0.044372,0.0026334,-6.9488e-08,46.435,50,0
-0.00027782,0.044297,0.0025991,-6.8737e-08,46.49,50,0
-0.00027571,0.044222,0.0025648,-6.7985e-08,46.545,50,0
-0.00027359,0.044146,0.0025305,-6.7234e-08,46.6,50,0
-0.00027147,0.044071,0.0024962,-6.6482e-08,46.655,50,0
-0.00026936,0.043996,0.0024618,-6.5731e-08,46.71,50,0
-0.00026724,0.04392,0.0024275,-6.4979e-08,46.765,50,0
-0.00026512,0.043845,0.0023932,-6.4228e-08,46.82,50,0
-0.00026301,0.04377,0.0023589,-6.3476e-08,46.875,50,0
-0.00026089,0.043694,0.0023245,-6.2725e-08,46.93,50,0
-0.00025877,0.043619,0.0022902,-6.1973e-08,46.985,50,0
-0.00025666,0.043543,0.0022559,-6.1222e-08,47.04,50,0
-0.00025454,0.043468,0.0022216,-6.047e-08,47.095,50,0
-0.00025242,0.043393,0.0021872,-5.9719e-08,47.15,50,0
-0.00025031,0.043317,0.0021529,-5.8967e-08,47.205,50,0
-0.00024819,0.043242,0.0021186,-5.8216e-08,47.26,50,0
-0.00024607,0.043167,0.0020843,-5.7465e-08,47.315,50,0
-0.00024396,0.043091,0.00205,-5.6713e-08,47.37,50,0
-0.00024184,0.043016,0.0020156,-5.5962e-08,47.425,50,0
-0.00023972,0.042941,0.0019813,-5.521e-08,47.48,50,0
-0.00023761,0.042865,0.001947,-5.4459e-08,47.535,50,0
-0.00023549,0.04279,0.0019127,-5.3707e-08,47.59,50,0
-0.00023337,0.042714,0.0018783,-5.2956e-08,47.645,50,0
-0.00023126,0.042639,0.001844,-5.2204e-08,47.7,50,0
-0.00022914,0.042564,0.0018097,-5.1453e-08,47.755,50,0
-0.00022702,0.042488,0.0017754,-5.0701e-08,47.81,50,0
-0.00022491,0.042413,0.001741,-4.995e-08,47.865,50,0
-0.00022279,0.042338,0.0017067,-4.9198e-08,47.92,50,0
-0.00022067,0.042262,0.0016724,-4.8447e-08,47.975,50,0
-0.00021868,0.042197,0.0016482,-4.8156e-08,48.03,50,0
-0.00021679,0.04214,0.0016323,-4.8249e-08,48.085,50,0
-0.00021489,0.042083,0.0016165,-4.8342e-08,48.14,50,0
-0.000213,0.042025,0.0016006,-4.8435e-08,48.195,50,0
-0.00021111,0.041968,0.0015848,-4.8528e-08,48.25,50,0
-0.00020922,0.041911,0.0015689,-4.8621e-08,48.305,50,0
-0.00020733,0.041854,0.0015531,-4.8713e-08,48.36,50,0
-0.00020543,0.041797,0.0015372,-4.8806e-08,48.415,50,0
-0.00020354,0.04174,0.0015214,-4.8899e-08,48.47,50,0
-0.00020165,0.041683,0.0015055,-4.8992e-08,48.525,50,0
-0.00019976,0.041625,0.0014897,-4.9085e-08,48.58,50,0
-0.00019786,0.041568,0.0014738,-4.9178e-08,48.635,50,0
-0.00019597,0.041511,0.001458,-4.9271e-08,48.69,50,0
-0.00019408,0.041454,0.0014421,-4.9364e-08,48.745,50,0
-0.00019219,0.041397,0.0014263,-4.9457e-08,48.8,50,0
-0.00019029,0.04134,0.0014104,-4.955e-08,48.855,50,0
-0.0001884,0.041283,0.0013946,-4.9643e-08,48.91,50,0
-0.00018651,0.041225,0.0013787,-4.9735e-08,48.965,50,0
-0.00018462,0.041168,0.0013629,-4.9828e-08,49.02,50,0
-0.00018273,0.041111,0.0013471,-4.9921e-08,49.075,50,0
-0.00018083,0.041054,0.0013312,-5.0014e-08,49.13,50,0
-0.00017894,0.040997,0.0013154,-5.0107e-08,49.185,50,0
-0.00017705,0.04094,0.0012995,-5.02e-08,49.24,50,0
-0.00017516,0.040883,0.0012837,-5.0293e-08,49.295,50,0
-0.00017326,0.040826,0.0012678,-5.0386e-08,49.35,50,0
-0.00017137,0.040768,0.001252,-5.0479e-08,49.405,50,0
-0.00016948,0.040711,0.0012361,-5.0572e-08,49.46,50,0
-0.00016759,0.040654,0.0012203,-5.0665e-08,49.515,50,0
-0.00016569,0.040597,0.0012044,-5.0757e-08,49.57,50,0
-0.0001638,0.04054,0.0011886,-5.085e-08,49.625,50,0
-0.00016191,0.040483,0.0011727,-5.0943e-08,49.68,50,0
-0.00016002,0.040426,0.0011569,-5.1036e-08,49.735,50,0
-0.00015813,0.040368,0.001141,-5.1129e-08,49.79,50,0
-0.00015623,0.040311,0.0011252,-5.1222e-08,49.845,50,0
-0.00015434,0.040254,0.0011093,-5.1315e-08,49.9,50,0
-0.00015245,0.040197,0.0010935,-5.1408e-08,49.955,50,0
-0.0001507,0.040142,0.001079,-5.1529e-08,50.01,50,0
-0.00014958,0.040098,0.0010704,-5.1774e-08,50.065,50,0
-0.00014846,0.040054,0.0010618,-5.202e-08,50.12,50,0
-0.00014734,0.04001,0.0010532,-5.2266e-08,50.175,50,0
-0.00014622,0.039967,0.0010446,-5.2512e-08,50.23,50,0
-0.0001451,0.039923,0.001036,-5.2758e-08,50.285,50,0
-0.00014398,0.039879,0.0010275,-5.3004e-08,50.34,50,0
-0.00014286,0.039835,0.0010189,-5.325e-08,50.395,50,0
-0.00014174,0.039791,0.0010103,-5.3496e-08,50.45,50,0
-0.00014062,0.039747,0.0010017,-5.3742e-08,50.505,50,0
-0.0001395,0.039703,0.00099313,-5.3988e-08,50.56,50,0
-0.00013838,0.039659,0.00098455,-5.4234e-08,50.615,50,0
-0.00013726,0.039615,0.00097597,-5.448e-08,50.67,50,0
-0.00013614,0.039571,0.00096738,-5.4726e-08,50.725,50,0
-0.00013502,0.039527,0.0009588,-5.4972e-08,50.78,50,0
-0.0001339,0.039483,0.00095021,-5.5217e-08,50.835,50,0
-0.00013278,0.039439,0.00094163,-5.5463e-08,50.89,50,0
-0.00013166,0.039396,0.00093305,-5.5709e-08,50.945,50,0
-0.00013054,0.039352,0.00092446,-5.5955e-08,51,50,0
-0.00012942,0.039308,0.00091588,-5.6201e-08,51.055,50,0
-0.0001283,0.039264,0.0009073,-5.6447e-08,51.11,50,0
-0.00012717,0.03922,0.00089871,-5.6693e-08,51.165,50,0
-0.00012605,0.039176,0.00089013,-5.6939e-08,51.22,50,0
-0.00012493,0.039132,0.00088155,-5.7185e-08,51.275,50,0
-0.00012381,0.039088,0.00087296,-5.7431e-08,51.33,50,0
-0.00012269,0.039044,0.00086438,-5.7677e-08,51.385,50,0
-0.00012157,0.039,0.0008558,-5.7923e-08,51.44,50,0
-0.00012045,0.038956,0.00084721,-5.8169e-08,51.495,50,0
-0.00011933,0.038912,0.00083863,-5.8415e-08,51.55,50,0
-0.00011821,0.038869,0.00083005,-5.8661e-08,51.605,50,0
-0.00011709,0.038825,0.00082146,-5.8906e-08,51.66,50,0
-0.00011597,0.038781,0.00081288,-5.9152e-08,51.715,50,0
-0.00011485,0.038737,0.00080429,-5.9398e-08,51.77,50,0
-0.00011373,0.038693,0.00079571,-5.9644e-08,51.825,50,0
-0.00011261,0.038649,0.00078713,-5.989e-08,51.88,50,0
-0.00011149,0.038605,0.00077854,-6.0136e-08,51.935,50,0
-0.00011037,0.038561,0.00076996,-6.0382e-08,51.99,50,0
-0.00010961,0.038524,0.00076478,-6.0599e-08,52.045,50,0
-0.00010893,0.038489,0.00076035,-6.0809e-08,52.1,50,0
-0.00010825,0.038454,0.00075592,-6.1019e-08,52.155,50,0
-0.00010757,0.038418,0.00075149,-6.1229e-08,52.21,50,0
-0.00010689,0.038383,0.00074706,-6.1439e-08,52.265,50,0
-0.00010621,0.038348,0.00074263,-6.1648e-08,52.32,50,0
-0.00010553,0.038313,0.0007382,-6.1858e-08,52.375,50,0
-0.00010485,0.038277,0.00073377,-6.2068e-08,52.43,50,0
-0.00010417,0.038242,0.00072935,-6.2278e-08,52.485,50,0
-0.00010349,0.038207,0.00072492,-6.2488e-08,52.54,50,0
-0.0001028,0.038172,0.00072049,-6.2698e-08,52.595,50,0
-0.00010212,0.038136,0.00071606,-6.2908e-08,52.65,50,0
-0.00010144,0.038101,0.00071163,-6.3118e-08,52.705,50,0
-0.00010076,0.038066,0.0007072,-6.3328e-08,52.76,50,0
-0.00010008,0.038031,0.00070277,-6.3538e-08,52.815,50,0
-9.94e-05,0.037995,0.00069834,-6.3748e-08,52.87,50,0
-9.8719e-05,0.03796,0.00069392,-6.3958e-08,52.925,50,0
-9.8038e-05,0.037925,0.00068949,-6.4168e-08,52.98,50,0
-9.7358e-05,0.037889,0.00068506,-6.4378e-08,53.035,50,0
-9.6677e-05,0.037854,0.00068063,-6.4588e-08,53.09,50,0
-9.5996e-05,0.037819,0.0006762,-6.4798e-08,53.145,50,0
-9.5315e-05,0.037784,0.00067177,-6.5008e-08,53.2,50,0
-9.4634e-05,0.037748,0.00066734,-6.5218e-08,53.255,50,0
-9.3953e-05,0.037713,0.00066291,-6.5428e-08,53.31,50,0
-9.3272e-05,0.037678,0.00065849,-6.5638e-08,53.365,50,0
-9.2592e-05,0.037643,0.00065406,-6.5848e-08,53.42,50,0
-9.1911e-05,0.037607,0.00064963,-6.6058e-08,53.475,50,0
-9.123e-05,0.037572,0.0006452,-6.6268e-08,53.53,50,0
-9.0549e-05,0.037537,0.00064077,-6.6478e-08,53.585,50,0
-8.9868e-05,0.037502,0.00063634,-6.6688e-08,53.64,50,0
-8.9187e-05,0.037466,0.00063191,-6.6898e-08,53.695,50,0
-8.8507e-05,0.037431,0.00062748,-6.7108e-08,53.75,50,0
-8.7826e-05,0.037396,0.00062306,-6.7318e-08,53.805,50,0
-8.7145e-05,0.03736,0.00061863,-6.7528e-08,53.86,50,0
-8.6464e-05,0.037325,0.0006142,-6.7738e-08,53.915,50,0
-8.5783e-05,0.03729,0.00060977,-6.7948e-08,53.97,50,0
-8.521e-05,0.037257,0.00060662,-6.8127e-08,54.025,50,0
-8.4765e-05,0.037228,0.00060501,-6.827e-08,54.08,50,0
-8.4321e-05,0.037198,0.0006034,-6.8412e-08,54.135,50,0
-8.3877e-05,0.037169,0.00060179,-6.8554e-08,54.19,50,0
-8.3433e-05,0.037139,0.00060017,-6.8696e-08,54.245,50,0
-8.2988e-05,0.03711,0.00059856,-6.8839e-08,54.3,50,0
-8.2544e-05,0.03708,0.00059695,-6.8981e-08,54.355,50,0
-8.21e-05,0.037051,0.00059534,-6.9123e-08,54.41,50,0
-8.1655e-05,0.037021,0.00059373,-6.9266e-08,54.465,50,0
-8.1211e-05,0.036992,0.00059212,-6.9408e-08,54.52,50,0
-8.0767e-05,0.036962,0.0005905,-6.955e-08,54.575,50,0
-8.0322e-05,0.036933,0.00058889,-6.9692e-08,54.63,50,0
-7.9878e-05,0.036903,0.00058728,-6.9835e-08,54.685,50,0
-7.9434e-05,0.036874,0.00058567,-6.9977e-08,54.74,50,0
-7.8989e-05,0.036844,0.00058406,-7.0119e-08,54.795,50,0
-7.8545e-05,0.036815,0.00058245,-7.0261e-08,54.85,50,0
-7.8101e-05,0.036785,0.00058083,-7.0404e-08,54.905,50,0
-7.7656e-05,0.036756,0.00057922,-7.0546e-08,54.96,50,0
-7.7212e-05,0.036726,0.00057761,-7.0688e-08,55.015,50,0
-7.6768e-05,0.036697,0.000576,-7.0831e-08,55.07,50,0
-7.6323e-05,0.036667,0.00057439,-7.0973e-08,55.125,50,0
-7.5879e-05,0.036638,0.00057277,-7.1115e-08,55.18,50,0
-7.5435e-05,0.036608,0.00057116,-7.1257e-08,55.235,50,0
-7.4991e-05,0.036579,0.00056955,-7.14e-08,55.29,50,0
-7.4546e-05,0.036549,0.00056794,-7.1542e-08,55.345,50,0
-7.4102e-05,0.036519,0.00056633,-7.1684e-08,55.4,50,0
-7.3658e-05,0.03649,0.00056472,-7.1827e-08,55.455,50,0
-7.3213e-05,0.03646,0.0005631,-7.1969e-08,55.51,50,0
-7.2769e-05,0.036431,0.00056149,-7.2111e-08,55.565,50,0
-7.2325e-05,0.036401,0.00055988,-7.2253e-08,55.62,50,0
-7.188e-05,0.036372,0.00055827,-7.2396e-08,55.675,50,0
-7.1436e-05,0.036342,0.00055666,-7.2538e-08,55.73,50,0
-7.0992e-05,0.036313,0.00055505,-7.268e-08,55.785,50,0
-7.0547e-05,0.036283,0.00055343,-7.2823e-08,55.84,50,0
-7.0103e-05,0.036254,0.00055182,-7.2965e-08,55.895,50,0
-6.9659e-05,0.036224,0.00055021,-7.3107e-08,55.95,50,0
-6.9227e-05,0.036195,0.00054878,-7.3243e-08,56.005,50,0
-6.8917e-05,0.03617,0.00054916,-7.332e-08,56.06,50,0
-6.8607e-05,0.036144,0.00054954,-7.3396e-08,56.115,50,0
-6.8297e-05,0.036119,0.00054992,-7.3472e-08,56.17,50,0
-6.7987e-05,0.036093,0.0005503,-7.3548e-08,56.225,50,0
-6.7677e-05,0.036068,0.00055068,-7.3624e-08,56.28,50,0
-6.7368e-05,0.036043,0.00055106,-7.37e-08,56.335,50,0
-6.7058e-05,0.036017,0.00055143,-7.3776e-08,56.39,50,0
-6.6748e-05,0.035992,0.00055181,-7.3852e-08,56.445,50,0
-6.6438e-05,0.035966,0.00055219,-7.3928e-08,56.5,50,0
-6.6128e-05,0.035941,0.00055257,-7.4004e-08,56.555,50,0
-6.5818e-05,0.035915,0.00055295,-7.4081e-08,56.61,50,0
-6.5509e-05,0.03589,0.00055333,-7.4157e-08,56.665,50,0
-6.5199e-05,0.035864,0.00055371,-7.4233e-08,56.72,50,0
-6.4889e-05,0.035839,0.00055409,-7.4309e-08,56.775,50,0
-6.4579e-05,0.035813,0.00055447,-7.4385e-08,56.83,50,0
-6.4269e-05,0.035788,0.00055485,-7.4461e-08,56.885,50,0
-6.3959e-05,0.035763,0.00055523,-7.4537e-08,56.94,50,0
-6.3649e-05,0.035737,0.00055561,-7.4613e-08,56.995,50,0
-6.334e-05,0.035712,0.00055599,-7.4689e-08,57.05,50,0
-6.303e-05,0.035686,0.00055637,-7.4766e-08,57.105,50,0
-6.272e-05,0.035661,0.00055674,-7.4842e-08,57.16,50,0
-6.241e-05,0.035635,0.00055712,-7.4918e-08,57.215,50,0
-6.21e-05,0.03561,0.0005575,-7.4994e-08,57.27,50,0
-6.179e-05,0.035584,0.00055788,-7.507e-08,57.325,50,0
-6.1481e-05,0.035559,0.00055826,-7.5146e-08,57.38,50,0
-6.1171e-05,0.035534,0.00055864,-7.5222e-08,57.435,50,0
-6.0861e-05,0.035508,0.00055902,-7.5298e-08,57.49,50,0
-6.0551e-05,0.035483,0.0005594,-7.5374e-08,57.545,50,0
-6.0241e-05,0.035457,0.00055978,-7.5451e-08,57.6,50,0
-5.9931e-05,0.035432,0.00056016,-7.5527e-08,57.655,50,0
-5.9621e-05,0.035406,0.00056054,-7.5603e-08,57.71,50,0
-5.9312e-05,0.035381,0.00056092,-7.5679e-08,57.765,50,0
-5.9002e-05,0.035355,0.0005613,-7.5755e-08,57.82,50,0
-5.8692e-05,0.03533,0.00056167,-7.5831e-08,57.875,50,0
-5.8382e-05,0.035305,0.00056205,-7.5907e-08,57.93,50,0
-5.8072e-05,0.035279,0.00056243,-7.5983e-08,57.985,50,0
-5.7822e-05,0.035256,0.00056385,-7.6015e-08,58.04,50,0
-5.7593e-05,0.035233,0.00056565,-7.6029e-08,58.095,50,0
-5.7365e-05,0.035211,0.00056744,-7.6044e-08,58.15,50,0
-5.7136e-05,0.035189,0.00056924,-7.6058e-08,58.205,50,0
-5.6908e-05,0.035166,0.00057104,-7.6073e-08,58.26,50,0
-5.668e-05,0.035144,0.00057284,-7.6088e-08,58.315,50,0
-5.6451e-05,0.035121,0.00057464,-7.6102e-08,58.37,50,0
-5.6223e-05,0.035099,0.00057644,-7.6117e-08,58.425,50,0
-5.5995e-05,0.035077,0.00057824,-7.6131e-08,58.48,50,0
-5.5766e-05,0.035054,0.00058004,-7.6146e-08,58.535,50,0
-5.5538e-05,0.035032,0.00058184,-7.616e-08,58.59,50,0
-5.5309e-05,0.035009,0.00058364,-7.6175e-08,58.645,50,0
-5.5081e-05,0.034987,0.00058544,-7.619e-08,58.7,50,0
-5.4853e-05,0.034965,0.00058724,-7.6204e-08,58.755,50,0
-5.4624e-05,0.034942,0.00058904,-7.6219e-08,58.81,50,0
-5.4396e-05,0.03492,0.00059084,-7.6233e-08,58.865,50,0
-5.4168e-05,0.034897,0.00059264,-7.6248e-08,58.92,50,0
-5.3939e-05,0.034875,0.00059444,-7.6262e-08,58.975,50,0
-5.3711e-05,0.034852,0.00059624,-7.6277e-08,59.03,50,0
-5.3482e-05,0.03483,0.00059804,-7.6292e-08,59.085,50,0
-5.3254e-05,0.034808,0.00059984,-7.6306e-08,59.14,50,0
-5.3026e-05,0.034785,0.00060164,-7.6321e-08,59.195,50,0
-5.2797e-05,0.034763,0.00060344,-7.6335e-08,59.25,50,0
-5.2569e-05,0.03474,0.00060524,-7.635e-08,59.305,50,0
-5.234e-05,0.034718,0.00060704,-7.6364e-08,59.36,50,0
-5.2112e-05,0.034696,0.00060884,-7.6379e-08,59.415,50,0
-5.1884e-05,0.034673,0.00061063,-7.6394e-08,59.47,50,0
-5.1655e-05,0.034651,0.00061243,-7.6408e-08,59.525,50,0
-5.1427e-05,0.034628,0.00061423,-7.6423e-08,59.58,50,0
-5.1199e-05,0.034606,0.00061603,-7.6437e-08,59.635,50,0
-5.097e-05,0.034584,0.00061783,-7.6452e-08,59.69,50,0
-5.0742e-05,0.034561,0.00061963,-7.6466e-08,59.745,50,0
-5.0513e-05,0.034539,0.00062143,-7.6481e-08,59.8,50,0
-5.0285e-05,0.034516,0.00062323,-7.6496e-08,59.855,50,0
-5.0057e-05,0.034494,0.00062503,-7.651e-08,59.91,50,0
-4.9828e-05,0.034472,0.00062683,-7.6525e-08,59.965,50,0
-4.9619e-05,0.03445,0.000629,-7.6518e-08,60.02,50,0
-4.9443e-05,0.03443,0.00063181,-7.6475e-08,60.075,50,0
-4.9267e-05,0.03441,0.00063463,-7.6431e-08,60.13,50,0
-4.909e-05,0.03439,0.00063744,-7.6387e-08,60.185,50,0
-4.8914e-05,0.03437,0.00064026,-7.6344e-08,60.24,50,0
-4.8738e-05,0.03435,0.00064307,-7.63e-08,60.295,50,0
-4.8562e-05,0.03433,0.00064588,-7.6257e-08,60.35,50,0
-4.8386e-05,0.03431,0.0006487,-7.6213e-08,60.405,50,0
-4.821e-05,0.03429,0.00065151,-7.617e-08,60.46,50,0
-4.8033e-05,0.03427,0.00065433,-7.6126e-08,60.515,50,0
-4.7857e-05,0.03425,0.00065714,-7.6083e-08,60.57,50,0
-4.7681e-05,0.03423,0.00065995,-7.6039e-08,60.625,50,0
-4.7505e-05,0.03421,0.00066277,-7.5996e-08,60.68,50,0
-4.7329e-05,0.03419,0.00066558,-7.5952e-08,60.735,50,0
-4.7153e-05,0.03417,0.0006684,-7.5909e-08,60.79,50,0
-4.6977e-05,0.03415,0.00067121,-7.5865e-08,60.845,50,0
-4.68e-05,0.03413,0.00067403,-7.5821e-08,60.9,50,0
-4.6624e-05,0.03411,0.00067684,-7.5778e-08,60.955,50,0
-4.6448e-05,0.03409,0.00067965,-7.5734e-08,61.01,50,0
-4.6272e-05,0.03407,0.00068247,-7.5691e-08,61.065,50,0
-4.6096e-05,0.03405,0.00068528,-7.5647e-08,61.12,50,0
-4.592e-05,0.03403,0.0006881,-7.5604e-08,61.175,50,0
-4.5743e-05,0.03401,0.00069091,-7.556e-08,61.23,50,0
-4.5567e-05,0.03399,0.00069372,-7.5517e-08,61.285,50,0
-4.5391e-05,0.03397,0.00069654,-7.5473e-08,61.34,50,0
-4.5215e-05,0.03395,0.00069935,-7.543e-08,61.395,50,0
-4.5039e-05,0.03393,0.00070217,-7.5386e-08,61.45,50,0
-4.4863e-05,0.03391,0.00070498,-7.5343e-08,61.505,50,0
-4.4686e-05,0.03389,0.00070779,-7.5299e-08,61.56,50,0
-4.451e-05,0.03387,0.00071061,-7.5255e-08,61.615,50,0
-4.4334e-05,0.03385,0.00071342,-7.5212e-08,61.67,50,0
-4.4158e-05,0.033829,0.00071624,-7.5168e-08,61.725,50,0
-4.3982e-05,0.033809,0.00071905,-7.5125e-08,61.78,50,0
-4.3806e-05,0.033789,0.00072186,-7.5081e-08,61.835,50,0
-4.363e-05,0.033769,0.00072468,-7.5038e-08,61.89,50,0
-4.3453e-05,0.033749,0.00072749,-7.4994e-08,61.945,50,0
-4.3277e-05,0.033729,0.00073031,-7.4951e-08,62,50,0
-4.3136e-05,0.033711,0.00073384,-7.4852e-08,62.055,50,0
-4.2995e-05,0.033693,0.00073738,-7.4753e-08,62.11,50,0
-4.2854e-05,0.033675,0.00074091,-7.4654e-08,62.165,50,0
-4.2713e-05,0.033657,0.00074445,-7.4556e-08,62.22,50,0
-4.2572e-05,0.033639,0.00074798,-7.4457e-08,62.275,50,0
-4.2431e-05,0.033621,0.00075151,-7.4358e-08,62.33,50,0
-4.229e-05,0.033603,0.00075505,-7.4259e-08,62.385,50,0
-4.2149e-05,0.033585,0.00075858,-7.4161e-08,62.44,50,0
-4.2008e-05,0.033567,0.00076212,-7.4062e-08,62.495,50,0
-4.1866e-05,0.033549,0.00076565,-7.3963e-08,62.55,50,0
-4.1725e-05,0.033531,0.00076919,-7.3864e-08,62.605,50,0
-4.1584e-05,0.033513,0.00077272,-7.3766e-08,62.66,50,0
-4.1443e-05,0.033495,0.00077626,-7.3667e-08,62.715,50,0
-4.1302e-05,0.033477,0.00077979,-7.3568e-08,62.77,50,0
-4.1161e-05,0.033459,0.00078333,-7.3469e-08,62.825,50,0
-4.102e-05,0.03344,0.00078686,-7.3371e-08,62.88,50,0
-4.0879e-05,0.033422,0.0007904,-7.3272e-08,62.935,50,0
-4.0738e-05,0.033404,0.00079393,-7.3173e-08,62.99,50,0
-4.0597e-05,0.033386,0.00079746,-7.3074e-08,63.045,50,0
-4.0456e-05,0.033368,0.000801,-7.2975e-08,63.1,50,0
-4.0315e-05,0.03335,0.00080453,-7.2877e-08,63.155,50,0
-4.0174e-05,0.033332,0.00080807,-7.2778e-08,63.21,50,0
-4.0032e-05,0.033314,0.0008116,-7.2679e-08,63.265,50,0
-3.9891e-05,0.033296,0.00081514,-7.258e-08,63.32,50,0
-3.975e-05,0.033278,0.00081867,-7.2482e-08,63.375,50,0
-3.9609e-05,0.03326,0.00082221,-7.2383e-08,63.43,50,0
-3.9468e-05,0.033242,0.00082574,-7.2284e-08,63.485,50,0
-3.9327e-05,0.033224,0.00082928,-7.2185e-08,63.54,50,0
-3.9186e-05,0.033206,0.00083281,-7.2087e-08,63.595,50,0
-3.9045e-05,0.033188,0.00083635,-7.1988e-08,63.65,50,0
-3.8904e-05,0.03317,0.00083988,-7.1889e-08,63.705,50,0
-3.8763e-05,0.033152,0.00084341,-7.179e-08,63.76,50,0
-3.8622e-05,0.033133,0.00084695,-7.1692e-08,63.815,50,0
-3.8481e-05,0.033115,0.00085048,-7.1593e-08,63.87,50,0
-3.834e-05,0.033097,0.00085402,-7.1494e-08,63.925,50,0
-3.8198e-05,0.033079,0.00085755,-7.1395e-08,63.98,50,0
-3.8073e-05,0.033062,0.00086141,-7.1264e-08,64.035,50,0
-3.7956e-05,0.033046,0.00086544,-7.1113e-08,64.09,50,0
-3.784e-05,0.033029,0.00086948,-7.0963e-08,64.145,50,0
-3.7723e-05,0.033013,0.00087352,-7.0813e-08,64.2,50,0
-3.7607e-05,0.032997,0.00087756,-7.0662e-08,64.255,50,0
-3.749e-05,0.03298,0.00088159,-7.0512e-08,64.31,50,0
-3.7373e-05,0.032964,0.00088563,-7.0361e-08,64.365,50,0
-3.7257e-05,0.032947,0.00088967,-7.0211e-08,64.42,50,0
-3.714e-05,0.032931,0.00089371,-7.0061e-08,64.475,50,0
-3.7024e-05,0.032915,0.00089774,-6.991e-08,64.53,50,0
-3.6907e-05,0.032898,0.00090178,-6.976e-08,64.585,50,0
-3.679e-05,0.032882,0.00090582,-6.9609e-08,64.64,50,0
-3.6674e-05,0.032865,0.00090986,-6.9459e-08,64.695,50,0
-3.6557e-05,0.032849,0.00091389,-6.9309e-08,64.75,50,0
-3.6441e-05,0.032833,0.00091793,-6.9158e-08,64.805,50,0
-3.6324e-05,0.032816,0.00092197,-6.9008e-08,64.86,50,0
-3.6207e-05,0.0328,0.00092601,-6.8857e-08,64.915,50,0
-3.6091e-05,0.032783,0.00093004,-6.8707e-08,64.97,50,0
-3.5974e-05,0.032767,0.00093408,-6.8557e-08,65.025,50,0
-3.5858e-05,0.032751,0.00093812,-6.8406e-08,65.08,50,0
-3.5741e-05,0.032734,0.00094215,-6.8256e-08,65.135,50,0
-3.5624e-05,0.032718,0.00094619,-6.8105e-08,65.19,50,0
-3.5508e-05,0.032701,0.00095023,-6.7955e-08,65.245,50,0
-3.5391e-05,0.032685,0.00095427,-6.7805e-08,65.3,50,0
-3.5275e-05,0.032669,0.0009583,-6.7654e-08,65.355,50,0
-3.5158e-05,0.032652,0.00096234,-6.7504e-08,65.41,50,0
-3.5042e-05,0.032636,0.00096638,-6.7353e-08,65.465,50,0
-3.4925e-05,0.032619,0.00097042,-6.7203e-08,65.52,50,0
-3.4808e-05,0.032603,0.00097445,-6.7053e-08,65.575,50,0
-3.4692e-05,0.032586,0.00097849,-6.6902e-08,65.63,50,0
-3.4575e-05,0.03257,0.00098253,-6.6752e-08,65.685,50,0
-3.4459e-05,0.032554,0.00098657,-6.6601e-08,65.74,50,0
-3.4342e-05,0.032537,0.0009906,-6.6451e-08,65.795,50,0
-3.4225e-05,0.032521,0.00099464,-6.6301e-08,65.85,50,0
-3.4109e-05,0.032504,0.00099868,-6.615e-08,65.905,50,0
-3.3992e-05,0.032488,0.0010027,-6.6e-08,65.96,50,0
-3.388e-05,0.032472,0.0010068,-6.5837e-08,66.015,50,0
-3.3781e-05,0.032457,0.0010112,-6.564e-08,66.07,50,0
-3.3682e-05,0.032442,0.0010156,-6.5443e-08,66.125,50,0
-3.3583e-05,0.032427,0.00102,-6.5246e-08,66.18,50,0
-3.3484e-05,0.032412,0.0010243,-6.5049e-08,66.235,50,0
-3.3385e-05,0.032397,0.0010287,-6.4852e-08,66.29,50,0
-3.3286e-05,0.032382,0.0010331,-6.4655e-08,66.345,50,0
-3.3187e-05,0.032367,0.0010375,-6.4459e-08,66.4,50,0
-3.3088e-05,0.032352,0.0010418,-6.4262e-08,66.455,50,0
-3.2989e-05,0.032337,0.0010462,-6.4065e-08,66.51,50,0
-3.289e-05,0.032322,0.0010506,-6.3868e-08,66.565,50,0
-3.2791e-05,0.032307,0.001055,-6.3671e-08,66.62,50,0
-3.2692e-05,0.032292,0.0010593,-6.3474e-08,66.675,50,0
-3.2593e-05,0.032277,0.0010637,-6.3277e-08,66.73,50,0
-3.2494e-05,0.032262,0.0010681,-6.308e-08,66.785,50,0
-3.2395e-05,0.032247,0.0010725,-6.2883e-08,66.84,50,0
-3.2296e-05,0.032232,0.0010768,-6.2686e-08,66.895,50,0
-3.2197e-05,0.032217,0.0010812,-6.249e-08,66.95,50,0
-3.2098e-05,0.032202,0.0010856,-6.2293e-08,67.005,50,0
-3.1999e-05,0.032187,0.00109,-6.2096e-08,67.06,50,0
-3.19e-05,0.032173,0.0010943,-6.1899e-08,67.115,50,0
-3.1801e-05,0.032158,0.0010987,-6.1702e-08,67.17,50,0
-3.1702e-05,0.032143,0.0011031,-6.1505e-08,67.225,50,0
-3.1603e-05,0.032128,0.0011075,-6.1308e-08,67.28,50,0
-3.1504e-05,0.032113,0.0011118,-6.1111e-08,67.335,50,0
-3.1405e-05,0.032098,0.0011162,-6.0914e-08,67.39,50,0
-3.1306e-05,0.032083,0.0011206,-6.0717e-08,67.445,50,0
-3.1207e-05,0.032068,0.001125,-6.0521e-08,67.5,50,0
-3.1108e-05,0.032053,0.0011293,-6.0324e-08,67.555,50,0
-3.1009e-05,0.032038,0.0011337,-6.0127e-08,67.61,50,0
-3.091e-05,0.032023,0.0011381,-5.993e-08,67.665,50,0
-3.0811e-05,0.032008,0.0011425,-5.9733e-08,67.72,50,0
-3.0712e-05,0.031993,0.0011468,-5.9536e-08,67.775,50,0
-3.0613e-05,0.031978,0.0011512,-5.9339e-08,67.83,50,0
-3.0514e-05,0.031963,0.0011556,-5.9142e-08,67.885,50,0
-3.0415e-05,0.031948,0.00116,-5.8945e-08,67.94,50,0
-3.0316e-05,0.031933,0.0011643,-5.8749e-08,67.995,50,0
-3.0229e-05,0.031919,0.0011689,-5.8516e-08,68.05,50,0
-3.0143e-05,0.031905,0.0011735,-5.8279e-08,68.105,50,0
-3.0057e-05,0.031892,0.0011781,-5.8043e-08,68.16,50,0
-2.9971e-05,0.031878,0.0011826,-5.7807e-08,68.215,50,0
-2.9885e-05,0.031864,0.0011872,-5.757e-08,68.27,50,0
-2.9799e-05,0.031851,0.0011918,-5.7334e-08,68.325,50,0
-2.9712e-05,0.031837,0.0011964,-5.7098e-08,68.38,50,0
-2.9626e-05,0.031823,0.001201,-5.6861e-08,68.435,50,0
-2.954e-05,0.031809,0.0012055,-5.6625e-08,68.49,50,0
-2.9454e-05,0.031796,0.0012101,-5.6389e-08,68.545,50,0
-2.9368e-05,0.031782,0.0012147,-5.6152e-08,68.6,50,0
-2.9282e-05,0.031768,0.0012193,-5.5916e-08,68.655,50,0
-2.9196e-05,0.031755,0.0012239,-5.568e-08,68.71,50,0
-2.911e-05,0.031741,0.0012285,-5.5443e-08,68.765,50,0
-2.9024e-05,0.031727,0.001233,-5.5207e-08,68.82,50,0
-2.8938e-05,0.031714,0.0012376,-5.497e-08,68.875,50,0
-2.8852e-05,0.0317,0.0012422,-5.4734e-08,68.93,50,0
-2.8766e-05,0.031686,0.0012468,-5.4498e-08,68.985,50,0
-2.868e-05,0.031672,0.0012514,-5.4261e-08,69.04,50,0
-2.8594e-05,0.031659,0.001256,-5.4025e-08,69.095,50,0
-2.8508e-05,0.031645,0.0012605,-5.3789e-08,69.15,50,0
-2.8421e-05,0.031631,0.0012651,-5.3552e-08,69.205,50,0
-2.8335e-05,0.031618,0.0012697,-5.3316e-08,69.26,50,0
-2.8249e-05,0.031604,0.0012743,-5.308e-08,69.315,50,0
-2.8163e-05,0.03159,0.0012789,-5.2843e-08,69.37,50,0
-2.8077e-05,0.031576,0.0012834,-5.2607e-08,69.425,50,0
-2.7991e-05,0.031563,0.001288,-5.2371e-08,69.48,50,0
-2.7905e-05,0.031549,0.0012926,-5.2134e-08,69.535,50,0
-2.7819e-05,0.031535,0.0012972,-5.1898e-08,69.59,50,0
-2.7733e-05,0.031522,0.0013018,-5.1662e-08,69.645,50,0
-2.7647e-05,0.031508,0.0013064,-5.1425e-08,69.7,50,0
-2.7561e-05,0.031494,0.0013109,-5.1189e-08,69.755,50,0
-2.7475e-05,0.031481,0.0013155,-5.0952e-08,69.81,50,0
-2.7389e-05,0.031467,0.0013201,-5.0716e-08,69.865,50,0
-2.7303e-05,0.031453,0.0013247,-5.048e-08,69.92,50,0
-2.7217e-05,0.031439,0.0013293,-5.0243e-08,69.975,50,0
-2.7136e-05,0.031426,0.0013339,-4.999e-08,70.03,50,0
-2.7059e-05,0.031414,0.0013386,-4.9723e-08,70.085,50,0
-2.6983e-05,0.031401,0.0013433,-4.9457e-08,70.14,50,0
-2.6907e-05,0.031389,0.001348,-4.919e-08,70.195,50,0
-2.683e-05,0.031376,0.0013526,-4.8923e-08,70.25,50,0
-2.6754e-05,0.031364,0.0013573,-4.8656e-08,70.305,50,0
-2.6678e-05,0.031351,0.001362,-4.8389e-08,70.36,50,0
-2.6601e-05,0.031338,0.0013667,-4.8122e-08,70.415,50,0
-2.6525e-05,0.031326,0.0013714,-4.7855e-08,70.47,50,0
-2.6449e-05,0.031313,0.0013761,-4.7588e-08,70.525,50,0
-2.6372e-05,0.031301,0.0013808,-4.7322e-08,70.58,50,0
-2.6296e-05,0.031288,0.0013854,-4.7055e-08,70.635,50,0
-2.6219e-05,0.031276,0.0013901,-4.6788e-08,70.69,50,0
-2.6143e-05,0.031263,0.0013948,-4.6521e-08,70.745,50,0
-2.6067e-05,0.031251,0.0013995,-4.6254e-08,70.8,50,0
-2.599e-05,0.031238,0.0014042,-4.5987e-08,70.855,50,0
-2.5914e-05,0.031225,0.0014089,-4.572e-08,70.91,50,0
-2.5838e-05,0.031213,0.0014136,-4.5453e-08,70.965,50,0
-2.5761e-05,0.0312,0.0014183,-4.5186e-08,71.02,50,0
-2.5685e-05,0.031188,0.0014229,-4.492e-08,71.075,50,0
-2.5609e-05,0.031175,0.0014276,-4.4653e-08,71.13,50,0
-2.5532e-05,0.031163,0.0014323,-4.4386e-08,71.185,50,0
-2.5456e-05,0.03115,0.001437,-4.4119e-08,71.24,50,0
-2.538e-05,0.031138,0.0014417,-4.3852e-08,71.295,50,0
-2.5303e-05,0.031125,0.0014464,-4.3585e-08,71.35,50,0
-2.5227e-05,0.031112,0.0014511,-4.3318e-08,71.405,50,0
-2.515e-05,0.0311,0.0014557,-4.3051e-08,71.46,50,0
-2.5074e-05,0.031087,0.0014604,-4.2785e-08,71.515,50,0
-2.4998e-05,0.031075,0.0014651,-4.2518e-08,71.57,50,0
-2.4921e-05,0.031062,0.0014698,-4.2251e-08,71.625,50,0
-2.4845e-05,0.03105,0.0014745,-4.1984e-08,71.68,50,0
-2.4769e-05,0.031037,0.0014792,-4.1717e-08,71.735,50,0
-2.4692e-05,0.031025,0.0014839,-4.145e-08,71.79,50,0
-2.4616e-05,0.031012,0.0014885,-4.1183e-08,71.845,50,0
-2.454e-05,0.030999,0.0014932,-4.0916e-08,71.9,50,0
-2.4463e-05,0.030987,0.0014979,-4.0649e-08,71.955,50,0
-2.4388e-05,0.030975,0.0015026,-4.0379e-08,72.01,50,0
-2.4319e-05,0.030963,0.0015073,-4.0092e-08,72.065,50,0
-2.425e-05,0.030952,0.001512,-3.9805e-08,72.12,50,0
-2.4181e-05,0.03094,0.0015167,-3.9518e-08,72.175,50,0
-2.4112e-05,0.030929,0.0015214,-3.9231e-08,72.23,50,0
-2.4043e-05,0.030917,0.0015261,-3.8944e-08,72.285,50,0
-2.3974e-05,0.030906,0.0015308,-3.8657e-08,72.34,50,0
-2.3906e-05,0.030894,0.0015355,-3.837e-08,72.395,50,0
-2.3837e-05,0.030883,0.0015402,-3.8084e-08,72.45,50,0
-2.3768e-05,0.030871,0.0015449,-3.7797e-08,72.505,50,0
-2.3699e-05,0.03086,0.0015496,-3.751e-08,72.56,50,0
-2.363e-05,0.030848,0.0015543,-3.7223e-08,72.615,50,0
-2.3561e-05,0.030837,0.0015591,-3.6936e-08,72.67,50,0
-2.3492e-05,0.030825,0.0015638,-3.6649e-08,72.725,50,0
-2.3423e-05,0.030814,0.0015685,-3.6362e-08,72.78,50,0
-2.3354e-05,0.030802,0.0015732,-3.6075e-08,72.835,50,0
-2.3285e-05,0.030791,0.0015779,-3.5788e-08,72.89,50,0
-2.3216e-05,0.030779,0.0015826,-3.5501e-08,72.945,50,0
-2.3147e-05,0.030768,0.0015873,-3.5214e-08,73,50,0
-2.3078e-05,0.030756,0.001592,-3.4927e-08,73.055,50,0
-2.3009e-05,0.030745,0.0015967,-3.464e-08,73.11,50,0
-2.294e-05,0.030733,0.0016014,-3.4353e-08,73.165,50,0
-2.2871e-05,0.030722,0.0016061,-3.4067e-08,73.22,50,0
-2.2802e-05,0.03071,0.0016108,-3.378e-08,73.275,50,0
-2.2733e-05,0.030699,0.0016155,-3.3493e-08,73.33,50,0
-2.2664e-05,0.030687,0.0016202,-3.3206e-08,73.385,50,0
-2.2595e-05,0.030676,0.0016249,-3.2919e-08,73.44,50,0
-2.2526e-05,0.030664,0.0016296,-3.2632e-08,73.495,50,0
-2.2457e-05,0.030653,0.0016343,-3.2345e-08,73.55,50,0
-2.2389e-05,0.030641,0.001639,-3.2058e-08,73.605,50,0
-2.232e-05,0.03063,0.0016437,-3.1771e-08,73.66,50,0
-2.2251e-05,0.030618,0.0016484,-3.1484e-08,73.715,50,0
-2.2182e-05,0.030607,0.0016531,-3.1197e-08,73.77,50,0
-2.2113e-05,0.030595,0.0016578,-3.091e-08,73.825,50,0
-2.2044e-05,0.030584,0.0016625,-3.0623e-08,73.88,50,0
-2.1975e-05,0.030572,0.0016673,-3.0336e-08,73.935,50,0
-2.1906e-05,0.030561,0.001672,-3.005e-08,73.99,50,0
-2.1842e-05,0.03055,0.0016766,-2.9756e-08,74.045,50,0
-2.1778e-05,0.03054,0.0016813,-2.946e-08,74.1,50,0
-2.1715e-05,0.030529,0.0016859,-2.9165e-08,74.155,50,0
-2.1652e-05,0.030519,0.0016906,-2.8869e-08,74.21,50,0
-2.1589e-05,0.030508,0.0016952,-2.8574e-08,74.265,50,0
-2.1526e-05,0.030498,0.0016999,-2.8278e-08,74.32,50,0
-2.1462e-05,0.030487,0.0017045,-2.7983e-08,74.375,50,0
-2.1399e-05,0.030477,0.0017092,-2.7687e-08,74.43,50,0
-2.1336e-05,0.030466,0.0017138,-2.7392e-08,74.485,50,0
-2.1273e-05,0.030456,0.0017185,-2.7096e-08,74.54,50,0
-2.1209e-05,0.030445,0.0017231,-2.6801e-08,74.595,50,0
-2.1146e-05,0.030435,0.0017278,-2.6506e-08,74.65,50,0
-2.1083e-05,0.030424,0.0017324,-2.621e-08,74.705,50,0
-2.102e-05,0.030414,0.0017371,-2.5915e-08,74.76,50,0
-2.0957e-05,0.030403,0.0017417,-2.5619e-08,74.815,50,0
-2.0893e-05,0.030392,0.0017464,-2.5324e-08,74.87,50,0
-2.083e-05,0.030382,0.001751,-2.5028e-08,74.925,50,0
-2.0767e-05,0.030371,0.0017557,-2.4733e-08,74.98,50,0
-2.0704e-05,0.030361,0.0017603,-2.4437e-08,75.035,50,0
-2.064e-05,0.03035,0.001765,-2.4142e-08,75.09,50,0
-2.0577e-05,0.03034,0.0017696,-2.3846e-08,75.145,50,0
-2.0514e-05,0.030329,0.0017743,-2.3551e-08,75.2,50,0
-2.0451e-05,0.030319,0.0017789,-2.3256e-08,75.255,50,0
-2.0388e-05,0.030308,0.0017836,-2.296e-08,75.31,50,0
-2.0324e-05,0.030298,0.0017882,-2.2665e-08,75.365,50,0
-2.0261e-05,0.030287,0.0017929,-2.2369e-08,75.42,50,0
-2.0198e-05,0.030277,0.0017975,-2.2074e-08,75.475,50,0
-2.0135e-05,0.030266,0.0018022,-2.1778e-08,75.53,50,0
-2.0072e-05,0.030256,0.0018068,-2.1483e-08,75.585,50,0
-2.0008e-05,0.030245,0.0018115,-2.1187e-08,75.64,50,0
-1.9945e-05,0.030235,0.0018161,-2.0892e-08,75.695,50,0
-1.9882e-05,0.030224,0.0018208,-2.0596e-08,75.75,50,0
-1.9819e-05,0.030214,0.0018254,-2.0301e-08,75.805,50,0
-1.9755e-05,0.030203,0.0018301,-2.0005e-08,75.86,50,0
-1.9692e-05,0.030193,0.0018347,-1.971e-08,75.915,50,0
-1.9629e-05,0.030182,0.0018394,-1.9415e-08,75.97,50,0
-1.9568e-05,0.030172,0.001844,-1.9121e-08,76.025,50,0
-1.9509e-05,0.030163,0.0018485,-1.8829e-08,76.08,50,0
-1.945e-05,0.030153,0.0018531,-1.8537e-08,76.135,50,0
-1.9392e-05,0.030144,0.0018576,-1.8244e-08,76.19,50,0
-1.9333e-05,0.030134,0.0018621,-1.7952e-08,76.245,50,0
-1.9274e-05,0.030125,0.0018667,-1.766e-08,76.3,50,0
-1.9215e-05,0.030115,0.0018712,-1.7368e-08,76.355,50,0
-1.9157e-05,0.030105,0.0018758,-1.7076e-08,76.41,50,0
-1.9098e-05,0.030096,0.0018803,-1.6784e-08,76.465,50,0
-1.9039e-05,0.030086,0.0018848,-1.6492e-08,76.52,50,0
-1.898e-05,0.030077,0.0018894,-1.62e-08,76.575,50,0
-1.8922e-05,0.030067,0.0018939,-1.5908e-08,76.63,50,0
-1.8863e-05,0.030058,0.0018984,-1.5616e-08,76.685,50,0
-1.8804e-05,0.030048,0.001903,-1.5324e-08,76.74,50,0
-1.8745e-05,0.030038,0.0019075,-1.5032e-08,76.795,50,0
-1.8686e-05,0.030029,0.001912,-1.474e-08,76.85,50,0
-1.8628e-05,0.030019,0.0019166,-1.4448e-08,76.905,50,0
-1.8569e-05,0.03001,0.0019211,-1.4156e-08,76.96,50,0
-1.851e-05,0.03,0.0019256,-1.3864e-08,77.015,50,0
-1.8451e-05,0.029991,0.0019302,-1.3572e-08,77.07,50,0
-1.8393e-05,0.029981,0.0019347,-1.328e-08,77.125,50,0
-1.8334e-05,0.029971,0.0019393,-1.2988e-08,77.18,50,0
-1.8275e-05,0.029962,0.0019438,-1.2696e-08,77.235,50,0
-1.8216e-05,0.029952,0.0019483,-1.2404e-08,77.29,50,0
-1.8158e-05,0.029943,0.0019529,-1.2112e-08,77.345,50,0
-1.8099e-05,0.029933,0.0019574,-1.182e-08,77.4,50,0
-1.804e-05,0.029924,0.0019619,-1.1527e-08,77.455,50,0
-1.7981e-05,0.029914,0.0019665,-1.1235e-08,77.51,50,0
-1.7923e-05,0.029905,0.001971,-1.0943e-08,77.565,50,0
-1.7864e-05,0.029895,0.0019755,-1.0651e-08,77.62,50,0
-1.7805e-05,0.029885,0.0019801,-1.0359e-08,77.675,50,0
-1.7746e-05,0.029876,0.0019846,-1.0067e-08,77.73,50,0
-1.7688e-05,0.029866,0.0019892,-9.7752e-09,77.785,50,0
-1.7629e-05,0.029857,0.0019937,-9.4832e-09,77.84,50,0
-1.757e-05,0.029847,0.0019982,-9.1911e-09,77.895,50,0
-1.7511e-05,0.029838,0.0020028,-8.8991e-09,77.95,50,0
-1.7453e-05,0.029828,0.0020073,-8.6084e-09,78.005,50,0
-1.7398e-05,0.029819,0.0020117,-8.3316e-09,78.06,50,0
-1.7342e-05,0.029811,0.002016,-8.0548e-09,78.115,50,0
-1.7287e-05,0.029802,0.0020204,-7.7779e-09,78.17,50,0
-1.7232e-05,0.029793,0.0020248,-7.5011e-09,78.225,50,0
-1.7176e-05,0.029785,0.0020291,-7.2243e-09,78.28,50,0
-1.7121e-05,0.029776,0.0020335,-6.9474e-09,78.335,50,0
-1.7066e-05,0.029767,0.0020379,-6.6706e-09,78.39,50,0
-1.701e-05,0.029759,0.0020422,-6.3938e-09,78.445,50,0
-1.6955e-05,0.02975,0.0020466,-6.1169e-09,78.5,50,0
-1.69e-05,0.029741,0.002051,-5.8401e-09,78.555,50,0
-1.6844e-05,0.029733,0.0020553,-5.5633e-09,78.61,50,0
-1.6789e-05,0.029724,0.0020597,-5.2864e-09,78.665,50,0
-1.6734e-05,0.029715,0.0020641,-5.0096e-09,78.72,50,0
-1.6678e-05,0.029707,0.0020685,-4.7328e-09,78.775,50,0
-1.6623e-05,0.029698,0.0020728,-4.4559e-09,78.83,50,0
-1.6568e-05,0.029689,0.0020772,-4.1791e-09,78.885,50,0
-1.6512e-05,0.029681,0.0020816,-3.9023e-09,78.94,50,0
-1.6457e-05,0.029672,0.0020859,-3.6254e-09,78.995,50,0
-1.6402e-05,0.029663,0.0020903,-3.3486e-09,79.05,50,0
-1.6346e-05,0.029655,0.0020947,-3.0718e-09,79.105,50,0
-1.6291e-05,0.029646,0.002099,-2.7949e-09,79.16,50,0
-1.6236e-05,0.029637,0.0021034,-2.5182e-09,79.215,50,0
-1.618e-05,0.029629,0.0021078,-2.2413e-09,79.27,50,0
-1.6125e-05,0.02962,0.0021121,-1.9645e-09,79.325,50,0
-1.607e-05,0.029611,0.0021165,-1.6877e-09,79.38,50,0
-1.6015e-05,0.029603,0.0021209,-1.4108e-09,79.435,50,0
-1.5959e-05,0.029594,0.0021253,-1.134e-09,79.49,50,0
-1.5904e-05,0.029585,0.0021296,-8.5717e-10,79.545,50,0
-1.5849e-05,0.029577,0.002134,-5.8033e-10,79.6,50,0
-1.5793e-05,0.029568,0.0021384,-3.035e-10,79.655,50,0
-1.5738e-05,0.029559,0.0021427,-2.667e-11,79.71,50,0
-1.5683e-05,0.029551,0.0021471,2.5016e-10,79.765,50,0
-1.5627e-05,0.029542,0.0021515,5.2699e-10,79.82,50,0
-1.5572e-05,0.029533,0.0021558,8.0383e-10,79.875,50,0
-1.5517e-05,0.029525,0.0021602,1.0807e-09,79.93,50,0
-1.5461e-05,0.029516,0.0021646,1.3575e-09,79.985,50,0
-1.5408e-05,0.029508,0.0021688,1.6151e-09,80.04,50,0
-1.5355e-05,0.0295,0.002173,1.8655e-09,80.095,50,0
-1.5302e-05,0.029492,0.0021771,2.116e-09,80.15,50,0
-1.5249e-05,0.029485,0.0021813,2.3664e-09,80.205,50,0
-1.5196e-05,0.029477,0.0021854,2.6168e-09,80.26,50,0
-1.5143e-05,0.029469,0.0021896,2.8672e-09,80.315,50,0
-1.509e-05,0.029461,0.0021937,3.1177e-09,80.37,50,0
-1.5037e-05,0.029453,0.0021979,3.3681e-09,80.425,50,0
-1.4984e-05,0.029446,0.0022021,3.6185e-09,80.48,50,0
-1.4931e-05,0.029438,0.0022062,3.8689e-09,80.535,50,0
-1.4878e-05,0.02943,0.0022104,4.1193e-09,80.59,50,0
-1.4825e-05,0.029422,0.0022145,4.3697e-09,80.645,50,0
-1.4772e-05,0.029414,0.0022187,4.6202e-09,80.7,50,0
-1.4719e-05,0.029407,0.0022228,4.8706e-09,80.755,50,0
-1.4666e-05,0.029399,0.002227,5.121e-09,80.81,50,0
-1.4613e-05,0.029391,0.0022312,5.3714e-09,80.865,50,0
-1.456e-05,0.029383,0.0022353,5.6218e-09,80.92,50,0
-1.4507e-05,0.029375,0.0022395,5.8723e-09,80.975,50,0
-1.4454e-05,0.029368,0.0022436,6.1227e-09,81.03,50,0
-1.4401e-05,0.02936,0.0022478,6.3731e-09,81.085,50,0
-1.4348e-05,0.029352,0.0022519,6.6235e-09,81.14,50,0
-1.4295e-05,0.029344,0.0022561,6.874e-09,81.195,50,0
-1.4242e-05,0.029336,0.0022603,7.1244e-09,81.25,50,0
-1.4189e-05,0.029329,0.0022644,7.3748e-09,81.305,50,0
-1.4136e-05,0.029321,0.0022686,7.6252e-09,81.36,50,0
-1.4083e-05,0.029313,0.0022727,7.8757e-09,81.415,50,0
-1.403e-05,0.029305,0.0022769,8.1261e-09,81.47,50,0
-1.3977e-05,0.029297,0.002281,8.3765e-09,81.525,50,0
-1.3925e-05,0.02929,0.0022852,8.6269e-09,81.58,50,0
-1.3872e-05,0.029282,0.0022894,8.8774e-09,81.635,50,0
-1.3819e-05,0.029274,0.0022935,9.1278e-09,81.69,50,0
-1.3766e-05,0.029266,0.0022977,9.3782e-09,81.745,50,0
-1.3713e-05,0.029258,0.0023018,9.6286e-09,81.8,50,0
-1.366e-05,0.029251,0.002306,9.879e-09,81.855,50,0
-1.3607e-05,0.029243,0.0023101,1.0129e-08,81.91,50,0
-1.3554e-05,0.029235,0.0023143,1.038e-08,81.965,50,0
-1.3501e-05,0.029227,0.0023184,1.0617e-08,82.02,50,0
-1.3449e-05,0.02922,0.0023223,1.0831e-08,82.075,50,0
-1.3397e-05,0.029213,0.0023262,1.1044e-08,82.13,50,0
-1.3344e-05,0.029206,0.0023301,1.1258e-08,82.185,50,0
-1.3292e-05,0.0292,0.002334,1.1472e-08,82.24,50,0
-1.324e-05,0.029193,0.0023379,1.1686e-08,82.295,50,0
-1.3188e-05,0.029186,0.0023418,1.1899e-08,82.35,50,0
-1.3135e-05,0.029179,0.0023457,1.2113e-08,82.405,50,0
-1.3083e-05,0.029172,0.0023496,1.2327e-08,82.46,50,0
-1.3031e-05,0.029165,0.0023535,1.2541e-08,82.515,50,0
-1.2979e-05,0.029158,0.0023574,1.2754e-08,82.57,50,0
-1.2927e-05,0.029151,0.0023613,1.2968e-08,82.625,50,0
-1.2874e-05,0.029144,0.0023653,1.3182e-08,82.68,50,0
-1.2822e-05,0.029137,0.0023692,1.3396e-08,82.735,50,0
-1.277e-05,0.02913,0.0023731,1.3609e-08,82.79,50,0
-1.2718e-05,0.029123,0.002377,1.3823e-08,82.845,50,0
-1.2665e-05,0.029116,0.0023809,1.4037e-08,82.9,50,0
-1.2613e-05,0.029109,0.0023848,1.4251e-08,82.955,50,0
-1.2561e-05,0.029102,0.0023887,1.4464e-08,83.01,50,0
-1.2509e-05,0.029095,0.0023926,1.4678e-08,83.065,50,0
-1.2457e-05,0.029088,0.0023965,1.4892e-08,83.12,50,0
-1.2404e-05,0.029081,0.0024004,1.5106e-08,83.175,50,0
-1.2352e-05,0.029074,0.0024043,1.5319e-08,83.23,50,0
-1.23e-05,0.029067,0.0024082,1.5533e-08,83.285,50,0
-1.2248e-05,0.02906,0.0024121,1.5747e-08,83.34,50,0
-1.2196e-05,0.029053,0.002416,1.596e-08,83.395,50,0
-1.2143e-05,0.029046,0.00242,1.6174e-08,83.45,50,0
-1.2091e-05,0.029039,0.0024239,1.6388e-08,83.505,50,0
-1.2039e-05,0.029032,0.0024278,1.6602e-08,83.56,50,0
-1.1987e-05,0.029025,0.0024317,1.6815e-08,83.615,50,0
-1.1934e-05,0.029018,0.0024356,1.7029e-08,83.67,50,0
-1.1882e-05,0.029011,0.0024395,1.7243e-08,83.725,50,0
-1.183e-05,0.029004,0.0024434,1.7457e-08,83.78,50,0
-1.1778e-05,0.028997,0.0024473,1.767e-08,83.835,50,0
-1.1726e-05,0.02899,0.0024512,1.7884e-08,83.89,50,0
-1.1673e-05,0.028983,0.0024551,1.8098e-08,83.945,50,0
-1.1621e-05,0.028976,0.002459,1.8312e-08,84,50,0
-1.1566e-05,0.02897,0.0024627,1.848e-08,84.055,50,0
-1.1511e-05,0.028964,0.0024663,1.8647e-08,84.11,50,0
-1.1456e-05,0.028958,0.0024699,1.8815e-08,84.165,50,0
-1.1402e-05,0.028952,0.0024735,1.8983e-08,84.22,50,0
-1.1347e-05,0.028945,0.0024772,1.9151e-08,84.275,50,0
-1.1292e-05,0.028939,0.0024808,1.9319e-08,84.33,50,0
-1.1237e-05,0.028933,0.0024844,1.9487e-08,84.385,50,0
-1.1182e-05,0.028927,0.002488,1.9655e-08,84.44,50,0
-1.1127e-05,0.028921,0.0024917,1.9823e-08,84.495,50,0
-1.1072e-05,0.028915,0.0024953,1.9991e-08,84.55,50,0
-1.1018e-05,0.028908,0.0024989,2.0158e-08,84.605,50,0
-1.0963e-05,0.028902,0.0025025,2.0326e-08,84.66,50,0
-1.0908e-05,0.028896,0.0025062,2.0494e-08,84.715,50,0
-1.0853e-05,0.02889,0.0025098,2.0662e-08,84.77,50,0
-1.0798e-05,0.028884,0.0025134,2.083e-08,84.825,50,0
-1.0743e-05,0.028877,0.002517,2.0998e-08,84.88,50,0
-1.0688e-05,0.028871,0.0025207,2.1166e-08,84.935,50,0
-1.0634e-05,0.028865,0.0025243,2.1334e-08,84.99,50,0
-1.0579e-05,0.028859,0.0025279,2.1502e-08,85.045,50,0
-1.0524e-05,0.028853,0.0025315,2.1669e-08,85.1,50,0
-1.0469e-05,0.028847,0.0025352,2.1837e-08,85.155,50,0
-1.0414e-05,0.02884,0.0025388,2.2005e-08,85.21,50,0
-1.0359e-05,0.028834,0.0025424,2.2173e-08,85.265,50,0
-1.0304e-05,0.028828,0.002546,2.2341e-08,85.32,50,0
-1.025e-05,0.028822,0.0025497,2.2509e-08,85.375,50,0
-1.0195e-05,0.028816,0.0025533,2.2677e-08,85.43,50,0
-1.014e-05,0.028809,0.0025569,2.2845e-08,85.485,50,0
-1.0085e-05,0.028803,0.0025605,2.3012e-08,85.54,50,0
-1.003e-05,0.028797,0.0025642,2.318e-08,85.595,50,0
-9.9753e-06,0.028791,0.0025678,2.3348e-08,85.65,50,0
-9.9204e-06,0.028785,0.0025714,2.3516e-08,85.705,50,0
-9.8656e-06,0.028778,0.002575,2.3684e-08,85.76,50,0
-9.8107e-06,0.028772,0.0025787,2.3852e-08,85.815,50,0
-9.7559e-06,0.028766,0.0025823,2.402e-08,85.87,50,0
-9.701e-06,0.02876,0.0025859,2.4188e-08,85.925,50,0
-9.6461e-06,0.028754,0.0025895,2.4356e-08,85.98,50,0
-9.5844e-06,0.028748,0.002593,2.4489e-08,86.035,50,0
-9.5187e-06,0.028743,0.0025963,2.4603e-08,86.09,50,0
-9.4531e-06,0.028737,0.0025996,2.4717e-08,86.145,50,0
-9.3874e-06,0.028732,0.0026029,2.4831e-08,86.2,50,0
-9.3218e-06,0.028726,0.0026062,2.4945e-08,86.255,50,0
-9.2561e-06,0.028721,0.0026096,2.5059e-08,86.31,50,0
-9.1904e-06,0.028716,0.0026129,2.5173e-08,86.365,50,0
-9.1248e-06,0.02871,0.0026162,2.5287e-08,86.42,50,0
-9.0591e-06,0.028705,0.0026195,2.5401e-08,86.475,50,0
-8.9935e-06,0.028699,0.0026228,2.5515e-08,86.53,50,0
-8.9278e-06,0.028694,0.0026262,2.5629e-08,86.585,50,0
-8.8621e-06,0.028688,0.0026295,2.5743e-08,86.64,50,0
-8.7965e-06,0.028683,0.0026328,2.5857e-08,86.695,50,0
-8.7308e-06,0.028678,0.0026361,2.5971e-08,86.75,50,0
-8.6652e-06,0.028672,0.0026394,2.6085e-08,86.805,50,0
-8.5995e-06,0.028667,0.0026427,2.6199e-08,86.86,50,0
-8.5338e-06,0.028661,0.0026461,2.6313e-08,86.915,50,0
-8.4682e-06,0.028656,0.0026494,2.6427e-08,86.97,50,0
-8.4025e-06,0.028651,0.0026527,2.6541e-08,87.025,50,0
-8.3369e-06,0.028645,0.002656,2.6655e-08,87.08,50,0
-8.2712e-06,0.02864,0.0026593,2.6769e-08,87.135,50,0
-8.2055e-06,0.028634,0.0026627,2.6884e-08,87.19,50,0
-8.1399e-06,0.028629,0.002666,2.6998e-08,87.245,50,0
-8.0742e-06,0.028623,0.0026693,2.7112e-08,87.3,50,0
-8.0085e-06,0.028618,0.0026726,2.7226e-08,87.355,50,0
-7.9429e-06,0.028613,0.0026759,2.734e-08,87.41,50,0
-7.8772e-06,0.028607,0.0026792,2.7454e-08,87.465,50,0
-7.8116e-06,0.028602,0.0026826,2.7568e-08,87.52,50,0
-7.7459e-06,0.028596,0.0026859,2.7682e-08,87.575,50,0
-7.6802e-06,0.028591,0.0026892,2.7796e-08,87.63,50,0
-7.6146e-06,0.028585,0.0026925,2.791e-08,87.685,50,0
-7.5489e-06,0.02858,0.0026958,2.8024e-08,87.74,50,0
-7.4833e-06,0.028575,0.0026992,2.8138e-08,87.795,50,0
-7.4176e-06,0.028569,0.0027025,2.8252e-08,87.85,50,0
-7.3519e-06,0.028564,0.0027058,2.8366e-08,87.905,50,0
-7.2863e-06,0.028558,0.0027091,2.848e-08,87.96,50,0
-7.2124e-06,0.028553,0.0027123,2.8577e-08,88.015,50,0
-7.1165e-06,0.028549,0.0027153,2.8631e-08,88.07,50,0
-7.0206e-06,0.028544,0.0027183,2.8684e-08,88.125,50,0
-6.9247e-06,0.02854,0.0027213,2.8737e-08,88.18,50,0
-6.8289e-06,0.028535,0.0027243,2.8791e-08,88.235,50,0
-6.733e-06,0.028531,0.0027273,2.8844e-08,88.29,50,0
-6.6371e-06,0.028526,0.0027303,2.8897e-08,88.345,50,0
-6.5412e-06,0.028521,0.0027333,2.895e-08,88.4,50,0
-6.4453e-06,0.028517,0.0027363,2.9004e-08,88.455,50,0
-6.3495e-06,0.028512,0.0027393,2.9057e-08,88.51,50,0
-6.2536e-06,0.028508,0.0027423,2.911e-08,88.565,50,0
-6.1577e-06,0.028503,0.0027452,2.9164e-08,88.62,50,0
-6.0618e-06,0.028499,0.0027482,2.9217e-08,88.675,50,0
-5.9659e-06,0.028494,0.0027512,2.927e-08,88.73,50,0
-5.8701e-06,0.02849,0.0027542,2.9324e-08,88.785,50,0
-5.7742e-06,0.028485,0.0027572,2.9377e-08,88.84,50,0
-5.6783e-06,0.028481,0.0027602,2.943e-08,88.895,50,0
-5.5824e-06,0.028476,0.0027632,2.9484e-08,88.95,50,0
-5.4866e-06,0.028472,0.0027662,2.9537e-08,89.005,50,0
-5.3907e-06,0.028467,0.0027692,2.959e-08,89.06,50,0
-5.2948e-06,0.028463,0.0027722,2.9644e-08,89.115,50,0
-5.1989e-06,0.028458,0.0027752,2.9697e-08,89.17,50,0
-5.103e-06,0.028454,0.0027782,2.975e-08,89.225,50,0
-5.0072e-06,0.028449,0.0027811,2.9804e-08,89.28,50,0
-4.9113e-06,0.028444,0.0027841,2.9857e-08,89.335,50,0
-4.8154e-06,0.02844,0.0027871,2.991e-08,89.39,50,0
-4.7195e-06,0.028435,0.0027901,2.9964e-08,89.445,50,0
-4.6237e-06,0.028431,0.0027931,3.0017e-08,89.5,50,0
-4.5278e-06,0.028426,0.0027961,3.007e-08,89.555,50,0
-4.4319e-06,0.028422,0.0027991,3.0124e-08,89.61,50,0
-4.336e-06,0.028417,0.0028021,3.0177e-08,89.665,50,0
-4.2401e-06,0.028413,0.0028051,3.023e-08,89.72,50,0
-4.1443e-06,0.028408,0.0028081,3.0284e-08,89.775,50,0
-4.0484e-06,0.028404,0.0028111,3.0337e-08,89.83,50,0
-3.9525e-06,0.028399,0.0028141,3.039e-08,89.885,50,0
-3.8566e-06,0.028395,0.0028171,3.0444e-08,89.94,50,0
-3.7607e-06,0.02839,0.00282,3.0497e-08,89.995,50,0
-3.6038e-06,0.028387,0.0028227,3.049e-08,90.05,50,0
-3.4408e-06,0.028385,0.0028254,3.0477e-08,90.105,50,0
-3.2778e-06,0.028383,0.002828,3.0465e-08,90.16,50,0
-3.1148e-06,0.02838,0.0028307,3.0452e-08,90.215,50,0
-2.9518e-06,0.028378,0.0028333,3.0439e-08,90.27,50,0
-2.7888e-06,0.028376,0.002836,3.0426e-08,90.325,50,0
-2.6258e-06,0.028373,0.0028386,3.0413e-08,90.38,50,0
-2.4628e-06,0.028371,0.0028413,3.04e-08,90.435,50,0
-2.2998e-06,0.028368,0.002844,3.0388e-08,90.49,50,0
-2.1368e-06,0.028366,0.0028466,3.0375e-08,90.545,50,0
-1.9737e-06,0.028364,0.0028493,3.0362e-08,90.6,50,0
-1.8107e-06,0.028361,0.0028519,3.0349e-08,90.655,50,0
-1.6477e-06,0.028359,0.0028546,3.0336e-08,90.71,50,0
-1.4847e-06,0.028357,0.0028572,3.0323e-08,90.765,50,0
-1.3217e-06,0.028354,0.0028599,3.0311e-08,90.82,50,0
-1.1587e-06,0.028352,0.0028625,3.0298e-08,90.875,50,0
-9.9568e-07,0.028349,0.0028652,3.0285e-08,90.93,50,0
-8.3267e-07,0.028347,0.0028678,3.0272e-08,90.985,50,0
-6.6966e-07,0.028345,0.0028705,3.0259e-08,91.04,50,0
-5.0665e-07,0.028342,0.0028731,3.0246e-08,91.095,50,0
-3.4364e-07,0.02834,0.0028758,3.0234e-08,91.15,50,0
-1.8063e-07,0.028337,0.0028784,3.0221e-08,91.205,50,0
-1.7621e-08,0.028335,0.0028811,3.0208e-08,91.26,50,0
1.4539e-07,0.028333,0.0028837,3.0195e-08,91.315,50,0
3.084e-07,0.02833,0.0028864,3.0182e-08,91.37,50,0
4.7141e-07,0.028328,0.0028891,3.0169e-08,91.425,50,0
6.3442e-07,0.028326,0.0028917,3.0157e-08,91.48,50,0
7.9743e-07,0.028323,0.0028944,3.0144e-08,91.535,50,0
9.6042e-07,0.028321,0.002897,3.0131e-08,91.59,50,0
1.1234e-06,0.028318,0.0028997,3.0118e-08,91.645,50,0
1.2864e-06,0.028316,0.0029023,3.0105e-08,91.7,50,0
1.4494e-06,0.028314,0.002905,3.0092e-08,91.755,50,0
1.6125e-06,0.028311,0.0029076,3.008e-08,91.81,50,0
1.7755e-06,0.028309,0.0029103,3.0067e-08,91.865,50,0
1.9385e-06,0.028307,0.0029129,3.0054e-08,91.92,50,0
2.1015e-06,0.028304,0.0029156,3.0041e-08,91.975,50,0
2.289e-06,0.028307,0.002918,2.999e-08,92.03,50,0
2.4971e-06,0.028315,0.0029204,2.9908e-08,92.085,50,0
2.7051e-06,0.028323,0.0029227,2.9825e-08,92.14,50,0
2.9131e-06,0.028331,0.002925,2.9743e-08,92.195,50,0
3.1211e-06,0.028338,0.0029273,2.9661e-08,92.25,50,0
3.3291e-06,0.028346,0.0029296,2.9578e-08,92.305,50,0
3.5371e-06,0.028354,0.0029319,2.9496e-08,92.36,50,0
3.7451e-06,0.028362,0.0029342,2.9413e-08,92.415,50,0
3.9531e-06,0.02837,0.0029365,2.9331e-08,92.47,50,0
4.1611e-06,0.028377,0.0029388,2.9248e-08,92.525,50,0
4.3691e-06,0.028385,0.0029411,2.9166e-08,92.58,50,0
4.5772e-06,0.028393,0.0029434,2.9084e-08,92.635,50,0
4.7852e-06,0.028401,0.0029457,2.9001e-08,92.69,50,0
4.9932e-06,0.028409,0.0029481,2.8919e-08,92.745,50,0
5.2012e-06,0.028416,0.0029504,2.8836e-08,92.8,50,0
5.4092e-06,0.028424,0.0029527,2.8754e-08,92.855,50,0
5.6172e-06,0.028432,0.002955,2.8671e-08,92.91,50,0
5.8252e-06,0.02844,0.0029573,2.8589e-08,92.965,50,0
6.0332e-06,0.028448,0.0029596,2.8507e-08,93.02,50,0
6.2412e-06,0.028455,0.0029619,2.8424e-08,93.075,50,0
6.4492e-06,0.028463,0.0029642,2.8342e-08,93.13,50,0
6.6572e-06,0.028471,0.0029665,2.8259e-08,93.185,50,0
6.8652e-06,0.028479,0.0029688,2.8177e-08,93.24,50,0
7.0733e-06,0.028487,0.0029711,2.8094e-08,93.295,50,0
7.2813e-06,0.028494,0.0029734,2.8012e-08,93.35,50,0
7.4893e-06,0.028502,0.0029757,2.793e-08,93.405,50,0
7.6973e-06,0.02851,0.0029781,2.7847e-08,93.46,50,0
7.9053e-06,0.028518,0.0029804,2.7765e-08,93.515,50,0
8.1133e-06,0.028526,0.0029827,2.7682e-08,93.57,50,0
8.3213e-06,0.028533,0.002985,2.76e-08,93.625,50,0
8.5293e-06,0.028541,0.0029873,2.7517e-08,93.68,50,0
8.7373e-06,0.028549,0.0029896,2.7435e-08,93.735,50,0
8.9453e-06,0.028557,0.0029919,2.7352e-08,93.79,50,0
9.1534e-06,0.028565,0.0029942,2.727e-08,93.845,50,0
9.3614e-06,0.028572,0.0029965,2.7188e-08,93.9,50,0
9.5694e-06,0.02858,0.0029988,2.7105e-08,93.955,50,0
9.585e-06,0.028598,0.0030011,2.701e-08,94.01,50,0
8.7348e-06,0.028661,0.003003,2.6861e-08,94.065,50,0
7.8847e-06,0.028724,0.003005,2.6711e-08,94.12,50,0
7.0345e-06,0.028787,0.003007,2.6561e-08,94.175,50,0
6.1844e-06,0.02885,0.0030089,2.6411e-08,94.23,50,0
5.3342e-06,0.028913,0.0030109,2.6261e-08,94.285,50,0
4.4842e-06,0.028976,0.0030129,2.6111e-08,94.34,50,0
3.634e-06,0.029039,0.0030148,2.5961e-08,94.395,50,0
2.7839e-06,0.029102,0.0030168,2.5811e-08,94.45,50,0
1.9337e-06,0.029165,0.0030187,2.5661e-08,94.505,50,0
1.0836e-06,0.029228,0.0030207,2.5511e-08,94.56,50,0
2.3343e-07,0.029291,0.0030227,2.5361e-08,94.615,50,0
-6.1671e-07,0.029354,0.0030246,2.5211e-08,94.67,50,0
-1.4669e-06,0.029417,0.0030266,2.5062e-08,94.725,50,0
-2.317e-06,0.029479,0.0030286,2.4912e-08,94.78,50,0
-3.1672e-06,0.029542,0.0030305,2.4762e-08,94.835,50,0
-4.0173e-06,0.029605,0.0030325,2.4612e-08,94.89,50,0
-4.8675e-06,0.029668,0.0030344,2.4462e-08,94.945,50,0
-5.7176e-06,0.029731,0.0030364,2.4312e-08,95,50,0
